ankle,knee,hip,shoulder,neck,elbow
1.1731937549053575,0.5073425595924868,0.5414106826574836,-3.101778396886085,-0.502945453034379,0.4103396967948669
1.1729721230512935,0.508791314180127,0.5394679109390241,-3.1014124743982903,-0.5029871667815023,0.4109028022454623
1.1730698675835696,0.509552184273268,0.5371891516430871,-3.100633651431823,-0.5031799520854303,0.4112439643978726
1.1734510000045004,0.5094008820181426,0.5352883010769434,-3.099691165345437,-0.5034612542558106,0.4112610939951433
1.1732463647516376,0.5111838673393259,0.532496968568235,-3.0990541886128677,-0.5035669545081047,0.4119685606757214
1.1743226538730762,0.5092471911481011,0.5305101956002143,-3.0974065017652523,-0.5041336126100038,0.41138126998406
1.1749493298362232,0.5085696786327972,0.5283450936154837,-3.0961447886058444,-0.504531461741977,0.4112288808835851
1.1755962120433874,0.5075410518858471,0.5268477447541433,-3.0950635527289627,-0.5048924636170439,0.41093291203197857
1.1761692619989113,0.5068333590592695,0.5250653861702135,-3.09396901898799,-0.5052429681660575,0.4107564375200466
1.1765145503038104,0.5066992662827667,0.5233366283455805,-3.0931131686791247,-0.5054982644790738,0.41077321114152415
1.1769410767629682,0.5063790141755155,0.5215474629337122,-3.0921598040000546,-0.5057903005723549,0.4107288195227221
1.1772915246888043,0.5062749228097605,0.5197211807137243,-3.091269667937266,-0.5060542402356374,0.4107593222373237
1.1780203345368323,0.5050767900534399,0.518122068904826,-3.090077843339653,-0.5064550444858662,0.4104093476775106
1.1782431965468243,0.5050194913244689,0.5169407442063099,-3.089505799342445,-0.5066242350747543,0.4104324920653054
1.1787178026250438,0.5042942296464736,0.5157762566372288,-3.0886927527076704,-0.5068935348035625,0.4102277362198487
1.1790108658643805,0.5041645179411933,0.5143445917677272,-3.0879770301639677,-0.5071078185506518,0.41023527656731024
1.1793971309354159,0.5037792723497398,0.5129376127018372,-3.08717761547014,-0.507357922386426,0.41015497352064856
1.179912030494485,0.5033309974198173,0.51091588434345,-3.086068141824909,-0.5077011624568164,0.41007541340863074
1.180562122135698,0.5022270471785195,0.5095683998354532,-3.085028706100678,-0.5080533616135685,0.40974840410278157
1.1815966574307477,0.4999276505963615,0.5086394932828227,-3.083739031425993,-0.508531979825247,0.40899950257822115
1.1826187774203618,0.49757831219486154,0.507895416589049,-3.082516912764265,-0.5089931566196899,0.40822693526458453
1.1832993583962212,0.4965310079103339,0.5062418708238576,-3.0813559043299823,-0.5093782309710582,0.407930249055942
1.1842122391513152,0.49507480678803956,0.5041391195447642,-3.0798331543861495,-0.5098869828408179,0.4075106394342952
1.1853418561480284,0.49284429651927714,0.5024971488458474,-3.078236734973223,-0.510451865026609,0.40681091754891546
1.1866935313907148,0.49009518758718323,0.5007118907486576,-3.076380313910467,-0.511115702172218,0.4059399006251013
1.1877188643315046,0.488336852280701,0.49862508323828036,-3.074752435469134,-0.5116686047665724,0.4054169061547667
1.1884504907311662,0.48709001157354326,0.4971185256662616,-3.073585610513367,-0.5120643081619788,0.4050470165012608
1.189426582825925,0.4853108617991895,0.4953677121222264,-3.0721066076170866,-0.5125747783402521,0.4045048110978023
1.1904356256908577,0.48329193971881024,0.49396035063041754,-3.0706983836001784,-0.5130753685432122,0.4038686192196653
1.1914876573745157,0.48143652018473865,0.491934114000681,-3.069062572419058,-0.5136349290059917,0.40331040280943475
1.1924197098764582,0.4793527230984753,0.4911245154866817,-3.0679088377119674,-0.5140642965692772,0.40263055823073035
1.1936957176973355,0.4761207541548567,0.4908655342095598,-3.0665840289499298,-0.5145949072015606,0.40154014168364915
1.1951017519994225,0.47283043493428273,0.4899731423143132,-3.0649422050996478,-0.5152204707325527,0.40045273385933083
1.1965580830890128,0.46916771282785297,0.48961935969972403,-3.063412724498952,-0.5158299863357052,0.3992191638996316
1.1981222127642854,0.46544007419072425,0.4887774996760301,-3.061631532397791,-0.5165157272424987,0.3979811222792733
1.1994088771900242,0.46283750128483914,0.4870460437384898,-3.059854784678102,-0.5171497955848485,0.3971580261277088
1.200880097105622,0.45980531088934473,0.4851923714186299,-3.057861008168778,-0.5178663173756124,0.39619315259757404
1.2024214309023853,0.45672934764322,0.4830247182314249,-3.0557045557449407,-0.518632183431854,0.3952247178190763
1.2037149354770926,0.45434327143108894,0.4807681118261753,-3.0537636555428653,-0.5193043718278395,0.3944942466842294
1.2053560702061588,0.4507360121151912,0.47920407258112885,-3.0516906534098798,-0.5200697207847381,0.3933232356158848
1.2064305853643107,0.4487653141974367,0.4773039333289497,-3.050070677636241,-0.5206298306290313,0.3927212409265974
1.2072201024360294,0.4474998003669703,0.47549900247665744,-3.0487578035205436,-0.5210689113403283,0.39235576750502754
1.2084182695417003,0.4446391246333817,0.4748657626406865,-3.0473968533397193,-0.5215934235333166,0.3914052029902394
1.209974706730735,0.4409899790036766,0.47389328370956396,-3.0455840135315047,-0.5222848680319101,0.3901985856411373
1.2116450302599926,0.4369548771832947,0.4731160822384681,-3.0437184169299814,-0.52300896180205,0.3888535873968135
1.2138267149774182,0.431679945884668,0.47211103173241975,-3.0412847019575007,-0.5239540538701275,0.38709492820082286
1.2150705602764413,0.43008809168008344,0.4683671929409827,-3.038946389607216,-0.5247064368668123,0.3866883966622732
1.2170701618664053,0.42596654892081154,0.4658485793507676,-3.0362367964887516,-0.5256802404334779,0.3853768436440075
1.2192179200359077,0.4220544756364445,0.4619900941186845,-3.032980634961887,-0.5268038687617905,0.38418493312322355
1.2213544587111747,0.41732125641388734,0.4600369120541903,-3.030306746712591,-0.5277946617670942,0.3826448304672196
1.2227727838518527,0.4151031287962567,0.4566705777165623,-3.0279110952823007,-0.528591789647523,0.3820115658162069
1.2244137726993427,0.4114732235529258,0.4551581227386947,-3.0258537033378694,-0.52935360570698,0.3808309868404247
1.2262707405068332,0.4074623407312848,0.45322983414436924,-3.0234605282378575,-0.5302302879760556,0.3795357801224538
1.2285997683762577,0.4017381513298241,0.45236524487803753,-3.020924919522569,-0.5312251764402494,0.37761917852293614
1.229917859736167,0.39953612055216536,0.44955188883048836,-3.0187930464628745,-0.5319447502211798,0.37697143060909954
1.231756768495806,0.39624534212664364,0.44611668927176407,-3.0159656729305007,-0.532915661019451,0.3759756532945704
1.2339730365721993,0.39165862400843593,0.4433668051375843,-3.0129749661412943,-0.5339921768718924,0.3745141598572677
1.2362174722876924,0.3869767235893709,0.44066459942297365,-3.0099710251125655,-0.5350768096485209,0.3730185570364016
1.2376876907314385,0.385520958241825,0.43528561330176996,-3.00692115775585,-0.5360303604994894,0.37271735670913675
1.2399408543517976,0.3806438573767471,0.43296936691608856,-3.004024416568866,-0.537092508777905,0.37114139982606736
1.2419938448054977,0.37697157620316646,0.42913065962386376,-3.000866810174304,-0.5381766926132653,0.3700303711433941
1.2438968757136137,0.3737170645463952,0.42523740119990117,-2.9978394150018803,-0.5392042417327141,0.3690634689560299
1.2453514576177815,0.3717063504208214,0.4211933927050153,-2.995205125269605,-0.5400615926094401,0.36852524410649545
1.2477235758159855,0.366696768551892,0.41847485416375263,-2.99207149167885,-0.5411986750783073,0.36691872836449546
1.2493301255065754,0.3644215640428255,0.41413024920835273,-2.9891985364551408,-0.5421373877041482,0.3663013540211319
1.2512172714865333,0.36095680270129904,0.4108013006042921,-2.9863558759906614,-0.5431205418553551,0.36524253901058945
1.2534441453974587,0.35633184574082294,0.4080747452452911,-2.9833617983630996,-0.5441997518175112,0.3637671916824128
1.2557111101950438,0.35153186196378866,0.40550465204475206,-2.98037545181167,-0.5452845471947744,0.36222663898797286
1.257327876643819,0.3494448459662945,0.40067846404422003,-2.9773481075982335,-0.5462598035448715,0.3616906843994878
1.2603375657815543,0.341816093257391,0.4000801211599372,-2.974227064004814,-0.5475104995968012,0.35911639299852116
1.2621201514769718,0.33881875312011256,0.3963186074724676,-2.971356894186795,-0.5484807365589481,0.3582322448402806
1.2645322922717668,0.3336145259641637,0.3938008778644946,-2.9682443558528595,-0.5496203901992978,0.3565522472477677
1.2668668873290452,0.32871693615996855,0.39105198563543175,-2.9651382952855685,-0.5507444264406819,0.3549849355021031
1.268469053959937,0.32662560230759924,0.38632126714935855,-2.962153847389214,-0.5517073813031905,0.35444406551968455
1.2705456333341343,0.3235633675252993,0.38097743025746555,-2.9585218705417367,-0.5529024231258973,0.35359495172467814
1.272725167196565,0.31985635291364917,0.3764728791977725,-2.9550409282475356,-0.5540823434739339,0.352496138760443
1.2749786534579475,0.3160117784827783,0.3718418730053037,-2.9514497881448842,-0.5553005218510939,0.3513550819481974
1.2770187800497304,0.3135096905261344,0.365457523698848,-2.9475414408321092,-0.5565509826536444,0.35073413225243466
1.279026110803265,0.31062435227807494,0.36012438523308377,-2.9439803545927097,-0.5577174544288432,0.34994482611331873
1.2813386522733665,0.3065981616382258,0.355553155458473,-2.9403494187544372,-0.5589553568812822,0.3487398117443354
1.283808334582138,0.301983370933832,0.3513769363059305,-2.936683339990875,-0.5602298519944627,0.3473202517256935
1.2857338790336386,0.2998588983612307,0.3448200819317935,-2.932835257866852,-0.5614458499645978,0.3468340227335414
1.2885462176107965,0.29380274258933803,0.34185886812012223,-2.9291985923117756,-0.5627763188082675,0.34488014165624337
1.2909392432701738,0.28890519504702683,0.3387665071046755,-2.9259324329212957,-0.5639469867146122,0.34332524235423245
1.293203379085379,0.28510313656990494,0.3339776816664657,-2.922283561793113,-0.5651800772025517,0.34220434948744904
1.295928987022391,0.2800232677992448,0.32933926319458595,-2.9182287537239477,-0.5665886265083467,0.3406432179049159
1.298099334796034,0.27633883972009354,0.32483810130434976,-2.9147578060361874,-0.5677646242531713,0.3395519682820299
1.3006400581072401,0.27232358396222534,0.3189014406452313,-2.9104944222032616,-0.5691862564071042,0.3383999622448779
1.3029870163597315,0.2681627280372241,0.3144296075436317,-2.906859652078544,-0.5704313057295234,0.337145536484202
1.3050363322743623,0.2656919822527909,0.3079210495258191,-2.9029050791103925,-0.5716938276983643,0.3365397353255988
1.3074360659811604,0.2616399075675355,0.3028954049706136,-2.8990526659209186,-0.5729974010665877,0.33534231604819864
1.3099707271811343,0.2572889898623866,0.29774625324527504,-2.89503134263498,-0.5743635560812458,0.33404766553763515
1.3117626339162252,0.2553242226764604,0.2916169954330352,-2.891442091574483,-0.5754970105230578,0.3336003458338269
1.3137994378732745,0.25164891859764915,0.28788018126169357,-2.888330858421796,-0.5765678221277414,0.3324846105283884
1.3157969978005009,0.248780933698191,0.28256559059736874,-2.884784883637853,-0.5777291151954738,0.3317005398227738
1.3175333138916836,0.2467257273746416,0.276965601632863,-2.8814086680401125,-0.5788045663733986,0.331203340937473
1.3200056596487513,0.24165981208155263,0.2737842514914326,-2.8780382987526667,-0.5800131276634756,0.32959436215873794
1.3219497018897028,0.2388343145549292,0.26868899173197125,-2.874610398077744,-0.5811381256327822,0.328816831826784
1.3241538542231857,0.23506113411274931,0.26418797916241665,-2.8711064550411627,-0.5823277083955872,0.32769537642059704
1.3267438167862675,0.2303633132405033,0.2594909072739433,-2.867166637639841,-0.5836856559625513,0.326266364164644
1.3285524916066573,0.22796760641432123,0.25422841658584927,-2.8638208988645517,-0.5847674767316869,0.3256411182210661
1.3314160480737538,0.22159273083112663,0.25168014876702816,-2.860257995994744,-0.5860907315758133,0.3235638781474527
1.333182435277,0.21997139637386198,0.24493156857591658,-2.856507982806107,-0.5872556346088534,0.3232557761692378
1.3350828528433725,0.21715090869827414,0.2400814521202561,-2.8531962268229516,-0.5883465776422804,0.3224711017295352
1.3376250218753332,0.2120248245864187,0.2366245559334894,-2.8496749903842393,-0.58960177771926,0.3208515951633363
1.3394480751168627,0.2093914829998722,0.23180987172027945,-2.8464494736546366,-0.5906592210015399,0.32012932326070265
1.3404530257913208,0.20962502080546508,0.22538103836779966,-2.843539554785794,-0.5914963643463069,0.32044084998558076
1.3421800985051344,0.2072461575210146,0.2205603621890886,-2.840406051436802,-0.5925156110001022,0.31980538750161647
1.3434524411774162,0.2053941836768889,0.21723172446334282,-2.838164384686026,-0.5932514906772429,0.3192953558605139
1.3448234558714445,0.20447759558396517,0.21122796109933528,-2.835024137518533,-0.5942072241545312,0.3192001775331817
1.3460329158301683,0.20388316992305067,0.20545194735478134,-2.832110082782814,-0.5950826466039761,0.31920640269977757
1.3472715257541668,0.20331717985115083,0.19944093465869517,-2.8290970725383002,-0.5959856195127364,0.3192307865133488
1.349279635497877,0.19978819034844442,0.19554500001931863,-2.8259661722566385,-0.5970556081056249,0.31817058241334684
1.3502443104601485,0.20009047756718745,0.18919885250944635,-2.8231204117794535,-0.5978709849554728,0.31850251830694554
1.3518521338872695,0.19785314181741853,0.1847619361075976,-2.8202185319221855,-0.5988164270625512,0.31790136196511
1.3529409099111962,0.19738933870303021,0.1794025402352588,-2.817547355424223,-0.5996152549865554,0.3179369964902619
1.3542382615406268,0.1959143590287502,0.17508246590660348,-2.8149839617716883,-0.6004279662375518,0.3175910348297873
1.3560764861876153,0.1926894694528012,0.17150369530029552,-2.812114206926904,-0.6014082714972029,0.3166228604092184
1.3571063361342808,0.19229933655795783,0.16632556364708617,-2.8095549762842165,-0.6021711930591536,0.3166770201942519
1.3586796007063269,0.18990597675416898,0.16244123088138096,-2.80685256666968,-0.6030655199277272,0.31600282604316576
1.360410655244243,0.1867503106290609,0.15933719684933534,-2.804229908795053,-0.6039707511487703,0.31504107038845824
1.361562216815118,0.18563010541769664,0.15507917812005823,-2.801827615835551,-0.6047206509861719,0.3148135903423593
1.3628174268640263,0.18395284391273137,0.15145986580524262,-2.7995155351482883,-0.6054692175824771,0.3143735016734321
1.36406511481829,0.182205092796054,0.14804265498173197,-2.7972714068356686,-0.606201147395006,0.31390213182542687
1.365416941145655,0.18043870472487478,0.14405520995225007,-2.794754509648774,-0.6070133638002053,0.3134450037778073
1.3663553780432935,0.18015908255859436,0.13916673302250104,-2.792371478217114,-0.6077200136556492,0.3135263122718418
1.367667185789387,0.1778030587194782,0.1367352484879336,-2.7903602513192958,-0.6084113411191822,0.31281237977989385
1.36868027172068,0.17689003648063129,0.1328269069278496,-2.788198153718868,-0.6090819996895851,0.31264277718240974
1.369507156960623,0.17601658985377533,0.12992414549230968,-2.786519570608824,-0.6096100481332188,0.3124503432123881
1.370556899702271,0.17539690476327174,0.12514330948446273,-2.7840600266026234,-0.6103542118389967,0.3124120506200494
1.3713661675939741,0.1744654690854005,0.1224739741420664,-2.782468655552841,-0.6108594537929555,0.31219145841270823
1.3722807492105065,0.17307665482862133,0.12021028067991657,-2.7808959844986485,-0.6113797292372214,0.31180058846479375
1.3734098459629471,0.17151306669463118,0.11707745873051167,-2.778853039987216,-0.6120448118478111,0.31138161957779875
1.3741809904438487,0.17065573600126738,0.11446616448186298,-2.777316333940412,-0.6125308127285719,0.31118414850944504
1.375205715600388,0.16907141904900036,0.11199312680367668,-2.7755732379491227,-0.6131094837059672,0.3107343100977204
1.3757772644983084,0.16898017935546217,0.10883873161767199,-2.7740687644616564,-0.6135517919973593,0.3108171263331105
1.3766257696498752,0.16726120280458023,0.10770290905919855,-2.7728988691324794,-0.6139695309507105,0.31027319740028536
1.3776434976959429,0.16528902999756956,0.10613978952790126,-2.771435452096751,-0.6144841044354169,0.3096585355665902
1.3783184814782905,0.16456342281138536,0.10379853339071521,-2.7700737034846665,-0.6149132454517924,0.3094961395226455
1.378568090984281,0.16552754325855812,0.10017204050838169,-2.7687423301614116,-0.6152578764170102,0.30995511173799806
1.3796090478684337,0.1630727507326457,0.09955348435243194,-2.7675394380593406,-0.6157181749097078,0.30914212993735035
1.380502600586875,0.1612057307751883,0.09848455249647636,-2.766345571102558,-0.6161495253775592,0.30854541070070607
1.3808224532296862,0.16141023648267017,0.09614680815216259,-2.7653319759124497,-0.6164356078856548,0.30869938397560104
1.3814149828131415,0.1602381265048196,0.09529027177424854,-2.7644960119701496,-0.6167315918624985,0.30833145990585126
1.3820008666280623,0.15923865844254725,0.0940860713627305,-2.763562296025347,-0.6170483184947002,0.3080348314170529
1.3834496019882696,0.15524895537286776,0.09450936472193439,-2.7622732465735598,-0.6176024428537109,0.30666194751829423
1.3844023611149916,0.15354374616092803,0.09273004284845232,-2.760808500749296,-0.6181054493363494,0.30614593144655794
1.3847639441987036,0.15278882733867216,0.09229617997410866,-2.760324999983465,-0.6182800869844653,0.30590471087185755
1.3861849430411337,0.14880699940108055,0.09286482982334565,-2.759106645153706,-0.6188132667949228,0.3045292598216519
1.386381114653153,0.1483726030607606,0.09268505461657517,-2.7588610038380734,-0.6189042684815103,0.3043879339889236
1.387523161887683,0.1451488759369447,0.0931948463417962,-2.7578976438829463,-0.619329227317387,0.3032725718357054
1.3886298115900242,0.14258508796226177,0.0924343891087076,-2.7565879952903565,-0.619825502402101,0.3024276235335123
1.3891464588575526,0.14129986900886404,0.09227714844817503,-2.7560358823842,-0.6200438710733892,0.30199596886080693
1.3898492424024753,0.13972310466703597,0.09167911961042852,-2.7551696715039857,-0.6203667849187051,0.30148101894406854
1.3904143465396162,0.13838289067224296,0.09136030574604814,-2.7545217495806282,-0.6206155233826467,0.3010364829671003
1.3908907227967573,0.1370435864905991,0.09156087343634467,-2.7541162862926036,-0.6207935977980225,0.3005735086590954
1.3919362098455748,0.13456597616559673,0.09096680722001826,-2.7529163098068974,-0.621254068762097,0.29975187848072415
1.3926197447162292,0.1331236222094757,0.09018081556204627,-2.7520125514399445,-0.6215819008269685,0.29928945015797004
1.3931979488870108,0.1317937415313014,0.08976187117607592,-2.7513218014597705,-0.621842651536317,0.29885204474519533
1.3937791042212753,0.13071180543284577,0.08877018698726702,-2.7504564303188173,-0.6221431634459258,0.29851968315761235
1.393740846211442,0.13175141654972966,0.08666628106964303,-2.749862964410782,-0.6222694765590325,0.29894938287033646
1.3944572732524931,0.1301689800751744,0.0860007802679863,-2.7489631870094398,-0.6226024216405945,0.2984349383669066
1.3948926737677767,0.12917347378802213,0.08567203779316879,-2.748439058558206,-0.6227996662992448,0.29810805690520775
1.3960165664396724,0.1270484825003414,0.08382734376073775,-2.746787447182977,-0.6233758998788639,0.2974515583361987
1.3965795868828277,0.12645562926312404,0.08184668356690583,-2.7456432551714527,-0.6237357266122915,0.29732131912055243
1.396996926744325,0.1261478694219108,0.08008352151637066,-2.744706666489394,-0.6240223168194763,0.2972802396998331
1.397590865107932,0.12538342878754494,0.07830552515194622,-2.7435930247157554,-0.6243809281967975,0.2970842977492093
1.3987314313003993,0.12317143787876017,0.0765577268031512,-2.741954171155165,-0.6249573413369212,0.2963946975978915
1.3999786816478892,0.12059875039626289,0.07499094872638734,-2.7402653250850313,-0.6255644674975793,0.29557582645592156
1.4004413518463605,0.12033934345573016,0.0728530870524342,-2.7391720769981505,-0.62589452429081,0.2955647258087994
1.4006124163655254,0.1213554110639401,0.06957181090325526,-2.738020986151577,-0.6261843165262768,0.29602891329360653
1.4010918339023661,0.12137199891474759,0.06671730202817727,-2.736696481897759,-0.6265693751268049,0.29613759588621175
1.4017798388508111,0.1206591953797157,0.0642708452832863,-2.735290462041388,-0.6270108381437545,0.29598335401761905
1.4026381853349963,0.11929605874465588,0.06228010602550005,-2.7338546001037196,-0.627490114064103,0.29559136885067905
1.4032770298331139,0.11878196176358813,0.059677442734586084,-2.73244979028665,-0.6279223269720636,0.29551038079307534
1.4038693498287933,0.11789987160673276,0.05817249234412891,-2.731419603454693,-0.628261897699203,0.29526454937133034
1.404834954510143,0.1165641652173397,0.05548999414555045,-2.7296714840276355,-0.62883089965975,0.29490686824869955
1.4055073887727962,0.11618485457564998,0.052388014764475965,-2.7280841234829896,-0.6293102504716317,0.2948897685147415
1.4058124040901787,0.11690140170597829,0.04899048861373578,-2.726767253219396,-0.6296617427848702,0.29525623228370185
1.40662615304564,0.11590882348465681,0.04643177935457987,-2.7252046738049867,-0.6301613361469072,0.295010841443423
1.4071140448792507,0.11526288724879319,0.04501152718312995,-2.724301950521206,-0.6304532048530059,0.29484231046448706
1.4084372706466322,0.11227807388910305,0.04392143464125198,-2.7226817818389977,-0.6310587807798947,0.2938659956023894
1.4095428165279893,0.11008718226544945,0.042332174666326994,-2.7211246945862784,-0.6316104322638191,0.293177852354092
1.4101787642889931,0.10933353487506836,0.04028312835670933,-2.719888718732863,-0.6320041937925276,0.29299536708419743
1.4107738329378736,0.1092681424434443,0.036932618681999374,-2.718302452186392,-0.6324691693675264,0.29309405762047075
1.4116063044553655,0.10893780032543054,0.032780472350281586,-2.716243779528289,-0.6330836111854018,0.2931315282311859
1.41227089944014,0.10872204112220962,0.029358205438690055,-2.714568042379216,-0.6335813808401904,0.29318164259805723
1.4130246133626847,0.1087987382737079,0.02475711736582764,-2.712451730604347,-0.6341943854334036,0.2933738246157516
1.4135563267744982,0.10876758914230666,0.0217022168479839,-2.7110160253844637,-0.6346139721906068,0.29347349686966007
1.4146706683914791,0.1066254156928802,0.019952138800854335,-2.7094021198014273,-0.6351799922136128,0.2928077362876913
1.4149536706497081,0.10754807987213422,0.01622227181189828,-2.708007111997763,-0.6355450149410644,0.293256333342036
1.4156115788461783,0.10735026885226406,0.012799096567037815,-2.7063376380609325,-0.6360401565677187,0.29331258785176717
1.4162744848307416,0.10753419697144972,0.00849145389216932,-2.7043980707080957,-0.6365968775060442,0.2935306657205228
1.4169108167742686,0.10752477224163992,0.004773087845531432,-2.7026611717867186,-0.6371032231405681,0.2936616791542887
1.4175821033734242,0.10708013649906412,0.00182418135464113,-2.7011208320470628,-0.637571802857034,0.2936168253726978
1.4183718634491962,0.10591617843005097,-0.0002096628926698818,-2.699739080459857,-0.6380263987392863,0.2932941720475144
1.4190673386596528,0.10503695022463355,-0.002327227490897643,-2.6984243779837844,-0.6384487149817447,0.2930714277856021
1.420026494134805,0.10319481996381341,-0.0038374344840578223,-2.6970340748818105,-0.6389361688290941,0.29249910648356653
1.4209718183317774,0.10171988781299857,-0.006088885775365593,-2.695435027272312,-0.6394679834045037,0.2920784906906802
1.4218346610606825,0.10068132025501852,-0.008833083894974725,-2.693768845200448,-0.6399998134334253,0.29182414625529973
1.4228246167663865,0.09888861310238095,-0.01063499994797823,-2.69226096904694,-0.6405193008790637,0.29127917221493427
1.4237205603671852,0.09799445395755857,-0.013897194611925845,-2.690407112727477,-0.641099330334311,0.29109266457548527
1.4239726327747635,0.09835279608787328,-0.016181214913785436,-2.6894758742491396,-0.6413545355320354,0.29129704559991076
1.4243089763528496,0.09873706174806851,-0.019018533213821964,-2.6882963631762418,-0.641680896728396,0.29153021999553624
1.4248100147652016,0.09865794255829508,-0.021785715444643805,-2.6869769119705746,-0.6420687690318482,0.29160318348071246
1.4253505768069183,0.09828336968945695,-0.02412334526105131,-2.685747632719313,-0.6424436058397072,0.29156010546497313
1.4257234306756927,0.09827945511172076,-0.02630569501599267,-2.684728830101178,-0.6427405377753231,0.29163754887784005
1.4262378498814916,0.09772902459069244,-0.028095771548456216,-2.683689287031262,-0.6430679827859368,0.29151486571305896
1.4265582443718179,0.09756765282256419,-0.029617132961456405,-2.682919955671167,-0.6432992993687522,0.29151487060956793
1.4272463536294362,0.09632684541944103,-0.03088147169616151,-2.6818682934014437,-0.6436611880387274,0.2911382906692538
1.427657942732528,0.09572657980464505,-0.03195562453299505,-2.681143925692275,-0.6438990603326352,0.2909728073382614
1.427581834913768,0.09647896478236251,-0.03319371389775949,-2.680847069835808,-0.6439518382857239,0.2912735175315354
1.4274820422575425,0.09712250561994862,-0.034048805250547765,-2.6806882056456303,-0.6439692958550347,0.2915233656261869
1.4273161948074784,0.0976062544909233,-0.03415778333806374,-2.6808176255027143,-0.6439099372352757,0.29169190801151973
1.4272536879645834,0.09795209886503908,-0.03456514764746943,-2.680756570163097,-0.643912235262237,0.29182429539445837
1.427138761271702,0.09847929963265778,-0.03507069983180977,-2.6807173075260096,-0.6439000647682389,0.29202193844872937
1.426754030591466,0.09949751042356658,-0.035090582629539346,-2.6810873762448386,-0.6437466779431475,0.2923691299268936
1.426840121247713,0.09912003587516227,-0.034750959568031425,-2.681105068785633,-0.6437584269553529,0.2922284247513904
1.426156454174777,0.10110964394477961,-0.03519004263787273,-2.681641616203755,-0.6435130511782756,0.29292129215520607
1.4257155313168446,0.10234167886181456,-0.035358672659451695,-2.682022004364698,-0.6433470839268028,0.293346612351066
1.4254416133668202,0.10304770914759487,-0.035330473437453436,-2.6822981836618327,-0.6432350239627455,0.2935858403656758
1.425091140346685,0.10382396121974513,-0.03500968669699045,-2.6827369195831205,-0.6430724701540497,0.29383840182241755
1.4245481285745867,0.10510088937864437,-0.03467894059213383,-2.6833668266225335,-0.6428318128649791,0.2942609723675151
1.424150091560057,0.10568056099787981,-0.03363829751358005,-2.6840679007601675,-0.6426016476730347,0.29442065762327846
1.4236980790424978,0.10617218576619059,-0.032083235880252636,-2.684975978864973,-0.6423151289487724,0.2945318137832479
1.423624155260463,0.10572335568782487,-0.03064343295931915,-2.685479957650745,-0.6421884277341969,0.29432711518129123
1.4233605362263042,0.10545383978416856,-0.028490528724821607,-2.686383166333024,-0.6419374096046191,0.2941576925313972
1.4227467700649072,0.10670761764315984,-0.027692129580697666,-2.687222454100463,-0.6416368005537986,0.2945555048655381
1.422275458414584,0.10735655965695234,-0.026376045709471163,-2.688077737143017,-0.6413586156406851,0.2947288187654997
1.4217699022111283,0.10799415642989285,-0.024833306413499123,-2.6890344532593677,-0.6410513933347924,0.2948900906450774
1.4210128696612716,0.10951932971217904,-0.023800912889342496,-2.690083931173105,-0.6406774076357112,0.295371806209818
1.4202345029367713,0.11108862206132086,-0.02274197355105989,-2.691162220617598,-0.6402930541627438,0.29586757626678784
1.4197526973783348,0.11146923473637504,-0.020763162124863732,-2.6922264799362225,-0.6399660138827085,0.29592566162178996
1.4192641458442545,0.11189967213660668,-0.018856314805150487,-2.693275754155144,-0.6396411074166679,0.29600329884902515
1.4187301756354953,0.112455015985235,-0.016962350442034313,-2.694365557006393,-0.63929880273753,0.29612390390674687
1.4181890059412288,0.11342222797560908,-0.015948663933856966,-2.6951984441422794,-0.6390128898602527,0.2964164333024995
1.4176566882329522,0.11431922777845216,-0.014829721524337036,-2.6960542405772117,-0.6387234479159664,0.2966812717188994
1.417165131783264,0.11484812598465544,-0.013125768114147451,-2.697045613772363,-0.6384109979884951,0.2967997366846341
1.4166935962954184,0.11536646519837346,-0.01151581798749668,-2.697989231748272,-0.6381129310017793,0.2969180018684091
1.4164749338304525,0.11533634267224757,-0.010163348398620875,-2.698608489172115,-0.6379339026285866,0.2968589322803905
1.416277336872902,0.11503997991226089,-0.008338293375689032,-2.69934886277466,-0.6377315172167531,0.2966922085101209
1.416137332303279,0.11445333021851445,-0.00620144259797617,-2.700126438690644,-0.6375312939414689,0.29641545198146246
1.4157662282615837,0.1144512447720335,-0.004015935821373273,-2.7011444776881133,-0.6372348531012318,0.2963358529401665
1.415458208938558,0.1143520656160214,-0.0019836632750632743,-2.702054911056618,-0.6369741032558143,0.2962287463747289
1.4151457067614277,0.1142558008265605,6.842508243642964e-05,-2.7029756677018417,-0.6367102159491308,0.2961219162175352
1.415124487044355,0.11371902592824223,0.0013955033194336108,-2.7033943336073976,-0.6366123026339461,0.2958913609909258
1.415054217584034,0.11341400283102931,0.002491702928138273,-2.703791710833073,-0.6365102129382115,0.29574799952483016
1.4150395912195521,0.11256204062361197,0.004486055537668232,-2.7044040155243896,-0.6363700099559996,0.29538610693602557
1.4153145151745723,0.11085663958963032,0.006690539299092801,-2.7047963257058667,-0.6363321020778477,0.2947262236660682
1.4153122768400515,0.11000172881833181,0.008618697029077027,-2.7053766738871423,-0.6362013394126209,0.29436571716014553
1.4150325412792926,0.10995070548321484,0.010376887558499859,-2.706177279256897,-0.6359704239342444,0.29428489035087907
1.4145718415333088,0.11067093717185283,0.011470920173225263,-2.706955608024714,-0.6357114620517066,0.2944904777921817
1.4147339818677487,0.1098048997852441,0.01245801151225101,-2.707093114789473,-0.6357101883829401,0.294160154471955
1.4151919058702451,0.10805217253817168,0.013693085479787648,-2.7070158844649717,-0.635811167346936,0.29351915959601643
1.4154247398423974,0.10691480651885876,0.014872514901987155,-2.7071419690280427,-0.6358253702433779,0.2930895666107835
1.4163414623249517,0.10399843643712414,0.016017972185757956,-2.70658944355786,-0.6361168984995799,0.2920558456295029
1.4158407826445212,0.10446086612880223,0.01792442907130587,-2.7076504545919864,-0.6357871407905554,0.29214438319302954
1.4152728915645074,0.1049385539535701,0.020191683152187334,-2.7088853426275445,-0.6354060529926736,0.292225089189325
1.415060547646272,0.10495751404259368,0.02139707580358574,-2.70945432318835,-0.6352394714422368,0.29218803026997714
1.4151797713804257,0.10394292402710859,0.022969129999584448,-2.709809177892899,-0.635181540568248,0.2917860427146055
1.4154092742301099,0.1023621765291931,0.025161311613181914,-2.710242193238618,-0.6351261943816797,0.2911690202496353
1.4157991788248576,0.10035209779009802,0.02737257789196912,-2.710524156633111,-0.635134071103931,0.29040521731938873
1.415905163309392,0.09932694069793324,0.02904610435175492,-2.7109223777853497,-0.6350639816294045,0.289995971224276
1.4161810987495171,0.09744219426982925,0.03164637847962615,-2.7114323775822906,-0.6349998238387057,0.28926077413534534
1.4162286563452526,0.09646487496024969,0.033556100393222765,-2.7119585278878815,-0.6348903291103997,0.28885928028235686
1.4164728600440524,0.09515584258580834,0.03505324770888896,-2.71216876793334,-0.6348877060600132,0.28835980463151284
1.4166485418996244,0.09408319794099673,0.036423561919672665,-2.7124079492459057,-0.6348660680720255,0.28794534454940485
1.4169537986081002,0.09272659267302064,0.03766848772903586,-2.712482887971214,-0.6349049857777228,0.2874387852784612
1.416843643173551,0.0923197583601203,0.039227139402040256,-2.7130579160318407,-0.6347557088633463,0.28724408683372715
1.4173641474993628,0.09014543082952198,0.0410388394343264,-2.71309242257338,-0.6348430194796689,0.28643881679899524
1.4174937085736243,0.08902077930278751,0.04279668333923348,-2.7134928829729033,-0.6347767329027897,0.28599267145507806
1.417547741367108,0.08828500037030285,0.044127301501511784,-2.7138390595361828,-0.6347088452400786,0.28569427194107044
1.417437797973283,0.08773256055650824,0.046010864057597134,-2.714511305278346,-0.6345377706751919,0.2854382990990087
1.4173255079037412,0.08752914538597423,0.04712640038067306,-2.7149555510207115,-0.6344174793432683,0.2853288144896032
1.4172746096436573,0.08714364919502726,0.048289022999644216,-2.715353912116618,-0.6343187064767617,0.2851556722293245
1.4180001193015412,0.08477698280433543,0.049326825634331106,-2.7149559951146562,-0.6345405858649972,0.28431288877411137
1.4182160911014945,0.08372983892301555,0.05040324955371678,-2.7150676742118725,-0.6345549448311699,0.28391771446359865
1.418444390664841,0.08262734536448124,0.05153121148208606,-2.7151827580539876,-0.6345707905024616,0.283501845579524
1.4186582450047087,0.08145673458596836,0.052896645292627165,-2.7153831666990316,-0.6345648329215273,0.28305422603523583
1.4187423802989607,0.08055001946621898,0.05443326047838104,-2.71576168994278,-0.6344951774754594,0.2826902250609908
1.4186379208456816,0.08045603063111206,0.05525766381457986,-2.7161109855623353,-0.6343976433245756,0.2826284846408389
1.4186237215692559,0.08005601073698287,0.05623715381577021,-2.716418565024127,-0.6343259636566154,0.2824570107663681
1.4187715607367188,0.07946927423753336,0.05668265237906045,-2.716407652298535,-0.6343554151025986,0.28224127680104183
1.418930309295352,0.07842133150300079,0.05809714465896798,-2.7166766308364028,-0.6343239916859896,0.2818336275333313
1.4191491181615956,0.07765590175193926,0.058525855338463106,-2.716591319412734,-0.6343831154684363,0.2815576943392569
1.4193225475223015,0.07698829324944634,0.05900212384658099,-2.716564621581671,-0.6344207860702662,0.28131333079528115
1.4191287664782748,0.0770773158751239,0.05994148925216147,-2.7170356904421653,-0.6342795869742683,0.2813097152349533
1.4191293886716967,0.07665018657616429,0.060894604376210415,-2.7173208750590723,-0.6342156443732395,0.28112996869582374
1.4190818181665215,0.07607322281832496,0.06246655925758038,-2.7178387224335743,-0.6340906410670936,0.28087689890254
1.4191887612603593,0.07555379774293192,0.06300161039037722,-2.717894633429072,-0.6340976140515007,0.28068083692558604
1.4192341238901258,0.07503742703275262,0.06389170437551783,-2.7181171923784406,-0.6340559090810499,0.28047299843146667
1.4194839412658018,0.07399293809009355,0.06476328382182617,-2.7181343683976653,-0.6340976760049328,0.28008612172916647
1.4196143428897043,0.07309608063310202,0.06600592841894137,-2.7183795241101354,-0.6340664264253857,0.27973608643661896
1.4197056563707222,0.07252049723932597,0.06675862364105023,-2.7185159721267604,-0.6340524552481146,0.2795130588556913
1.4201866897230537,0.07084339288587604,0.06768849725433568,-2.718324640333058,-0.6341832834388768,0.2789088134175875
1.4200503488165834,0.07101626915846104,0.06810247657938495,-2.7185820303130557,-0.6341005699053791,0.2789526959925407
1.4202487507926382,0.07015504849987975,0.068865682739919,-2.7186169631905646,-0.6341289582579949,0.278632093193004
1.4202346494058298,0.0698422730390037,0.06964916956601219,-2.718865675183608,-0.6340705188793969,0.27849738165044396
1.4200853585588065,0.0700420941256843,0.07007889419611146,-2.719140443510647,-0.6339815368536034,0.2785498645752488
1.4198480765737735,0.07034099350611978,0.07080377300243179,-2.7195897155365034,-0.6338372889094644,0.27862540750206083
1.4200070297557434,0.06960917284729284,0.07150894794503349,-2.7196458044036143,-0.6338537206974908,0.2783509312851814
1.1608942255846602,0.5704716256583287,0.47228088755232167,-3.093071137712487,-0.5026549191735141,0.43431642199011994
1.1613417187677546,0.5687542717380631,0.473498023015521,-3.0929987234482343,-0.5027529113753872,0.43368811136530494
1.1619226757147711,0.566722197373956,0.47463581858076687,-3.0927720733276347,-0.5029099218702304,0.43295557249483246
1.1622982182460313,0.5654931386836184,0.4751819968127118,-3.0925687953144796,-0.5030241672396953,0.4325176368256639
1.1625036839985812,0.5650847580808683,0.4748893281585844,-3.092280218791881,-0.5031265101575354,0.43238923862375933
1.1628466994745401,0.5640595373811447,0.47517005735449436,-3.0920291370663224,-0.503245552360463,0.4320302461606198
1.1631219019833698,0.5631863808728224,0.4755086727518212,-3.0918616920727264,-0.5033334237656443,0.43172090815742803
1.163540858146552,0.5619731209356625,0.47576433653101047,-3.091528871043332,-0.5034846949683984,0.4312988350319195
1.1638095543282114,0.5608668381007049,0.47666339110510103,-3.0915358336219256,-0.5035322038581,0.43088993952620597
1.1640923620473405,0.5599417909907862,0.47707354879042985,-3.0913824074408307,-0.5036183154147247,0.4305603619066451
1.1642928333258369,0.5593534411515739,0.4772133626186119,-3.0912283928535214,-0.5036895217879437,0.43035511314509695
1.164555793571705,0.5586174189901015,0.47731673953292786,-3.0910023767353265,-0.50378831320118,0.4301009301291068
1.164889429285477,0.5575565144369097,0.477732521963943,-3.0908009585417604,-0.5038944872647945,0.4297249203035926
1.1651114129161377,0.5570156914362838,0.47763945566472277,-3.090556088678159,-0.503990029798224,0.42954425002093877
1.1652006955682226,0.5569356154770305,0.4772941464450944,-3.0903652836194713,-0.5040491930904685,0.4295294665051214
1.1653781747709917,0.5566503190839802,0.4768902347803292,-3.090070704421435,-0.5041477730223397,0.4294469665333507
1.1655671624086965,0.5562777334044278,0.47661422086776484,-3.089803227331704,-0.5042423672819415,0.42933014734283453
1.1660613499593129,0.5548543910243368,0.4768983643892102,-3.089405415840236,-0.5044219759317901,0.42883555995840006
1.1662506537100206,0.5542824763536198,0.4770669906223981,-3.0892709556796376,-0.5044867505637645,0.4286348636772111
1.1665891821740806,0.5528012980143269,0.4783954353822888,-3.0893384182977384,-0.504533424020891,0.42808290029559126
1.1670484467539382,0.5509515880208111,0.47983987307364395,-3.0893226556806193,-0.5046208413590324,0.4274013470924667
1.1674544181926392,0.5492990127014821,0.4811559114671855,-3.089320480376842,-0.504695473723327,0.42679150907797514
1.167939150001833,0.5474071511428955,0.4825451077628773,-3.0892632622314533,-0.5047968536762831,0.42609760669190394
1.1685035977839235,0.545581287013705,0.483318009488626,-3.088943334081069,-0.5049718005318817,0.4254484078692487
1.169061552672455,0.5439073868192835,0.4837886675617644,-3.0885391238672533,-0.505164492436508,0.42486182886267143
1.16956393867477,0.542780669034858,0.4833601915401313,-3.0879196194740843,-0.5053953935494806,0.4244938991823185
1.169787493668223,0.5427738839573233,0.4820616436428369,-3.0873117486440402,-0.5055727578801379,0.4245384635684901
1.1700237685497998,0.5426177197654936,0.48102295574275344,-3.086769364905445,-0.5057377360152756,0.4245228176004825
1.1699914247345693,0.543081231633677,0.48017475924359476,-3.0865466445542067,-0.5057818549032509,0.42471115708544316
1.1697990148816249,0.5439488098797174,0.47936209866194246,-3.086491026087137,-0.5057592071665709,0.4250357083636998
1.169795999831162,0.5441394712476836,0.47895273464523935,-3.0863712246538486,-0.5057855655042556,0.42511536271192596
1.1698316314904869,0.5444281871236671,0.4780966162852962,-3.0860796906069683,-0.5058575554193246,0.4252445090826408
1.1699262151427074,0.5442499046048284,0.47794013825869097,-3.085940325687056,-0.5059061327138543,0.4251894919590972
1.170206408680574,0.5437981086679264,0.47730557376300586,-3.0854761933426906,-0.5060615555455021,0.42505866179975504
1.1704539704958592,0.5433772444333058,0.47679348616955575,-3.0850806796552916,-0.5061956060920818,0.424933935986758
1.1706831977680272,0.5430513735209505,0.47617635815564996,-3.084671589405046,-0.5063293576223743,0.42484532582669976
1.1709645066563321,0.5423108866625264,0.4761819081138887,-3.0843983060372313,-0.5064421169513098,0.42459315479939014
1.171221920203088,0.5415768941035176,0.47631333452178226,-3.0841861218633544,-0.5065367885170113,0.42433864991860004
1.1714680169762268,0.5407009533888798,0.47682922973996633,-3.0841002819969385,-0.5066010146656758,0.42402196531120606
1.1715356156097523,0.5401546701119697,0.477655655586005,-3.084282016805154,-0.5065725403638824,0.4238062464615072
1.1716775142630673,0.5390732551641674,0.4792441461681469,-3.0846196378187956,-0.5065226215920625,0.4233809266164892
1.1715584307740283,0.5387650598299263,0.48063431282745595,-3.08515287160172,-0.5063811016678768,0.42322587449343196
1.1714752373974642,0.5384710524324421,0.4817817860928644,-3.0855782549584996,-0.5062703610919821,0.42308441061147717
1.1713175810489769,0.5381050314942686,0.48352816018273326,-3.0862559985717244,-0.5060893376748299,0.422896823876885
1.1711352275782907,0.5382283570311477,0.4843235314734007,-3.086672721463316,-0.5059624324531564,0.4229100785115123
1.1712230168287152,0.5376717463458377,0.48505443828917194,-3.0868060807351974,-0.5059485114081396,0.4226942933959424
1.1711698252109732,0.5377513988972138,0.4851886028510226,-3.0868982989166738,-0.5059180834436193,0.42271655444464157
1.1708221959877392,0.5386366752208138,0.4852484628891258,-3.0872560161569322,-0.5057742468724753,0.4230156329258524
1.170478034544998,0.5398542331444877,0.48454363186757843,-3.0873810504818064,-0.5056833072903286,0.4234553819776847
1.1701373259407175,0.5409311282716132,0.48413359513081344,-3.087591104477047,-0.5055739017686509,0.4238366256285626
1.16962372010497,0.5425168696350235,0.48359979094460237,-3.0879330340827043,-0.5054032985101706,0.424395485568508
1.1692599190972688,0.5438021952420633,0.48285857416409494,-3.088066353540115,-0.5053069111460307,0.4248596078115107
1.168918187431097,0.5447633068812688,0.4827139050915805,-3.088356978282315,-0.5051792215249233,0.4251918741210706
1.1686417067180548,0.5457950711639608,0.48202751909293884,-3.0884213931336646,-0.5051142586091619,0.4255677360556115
1.1684203321935824,0.5465950050112258,0.4815365964698326,-3.0884905578695414,-0.505058293012457,0.42585765584316965
1.1686903088498792,0.5460568308339602,0.4811555602874946,-3.0881124321441136,-0.5051925316815576,0.42568828163432526
1.1688310446381762,0.5459104069703467,0.48065650042362607,-3.0878252351615925,-0.5052827429120031,0.4256564713274149
1.1690834986650689,0.5454214177849634,0.48026826337922945,-3.087462076631494,-0.505410419541685,0.42550409356989305
1.1691644715303222,0.5454894557080424,0.479640011822668,-3.087194552839668,-0.5054852972344317,0.4255499230733289
1.1694030439227623,0.5451608274009512,0.47897414271647953,-3.086761713717992,-0.5056260898020233,0.4254621340238688
1.169624825386107,0.5450180933392046,0.4779905434964886,-3.086250014060114,-0.5057815289113432,0.4254490695058125
1.1699229462904142,0.5445762327417119,0.47722837157631814,-3.085730096505607,-0.5059527559663209,0.42532622631152217
1.1700576355150731,0.5444991500665475,0.47660952046741234,-3.085412889801252,-0.5060486034751415,0.42532233527976115
1.1701782349888108,0.5443701916179875,0.4761896713534868,-3.085169125222805,-0.5061253816590428,0.42529360881248196
1.1705022975963897,0.5437746851932934,0.47561921737655255,-3.084681339456618,-0.5062941292995504,0.4251115630974358
1.1706892805915887,0.5435065575754615,0.4751209974557664,-3.0843491929331095,-0.5064028830548923,0.4250383094755091
1.1708589917655152,0.5435041922357013,0.4741289686932646,-3.083885858468161,-0.5065379489519972,0.4250733134917626
1.1711444526912755,0.5431487446034757,0.4732476291621348,-3.083342582052181,-0.5067121105867245,0.42498417619559525
1.171393822159743,0.5431833958345977,0.47170456203413136,-3.0826361611093263,-0.5069163251489683,0.4250516667253421
1.1716216375755997,0.5432056516942931,0.4703159254494782,-3.0819971129961035,-0.5071014704029976,0.4251093649735913
1.1717230786586952,0.5437073492817002,0.4685959905064023,-3.081382241238967,-0.5072581052104658,0.42534216499586996
1.171927682887789,0.5439224983388629,0.4669116755031686,-3.0806772198910592,-0.507453829797369,0.425476173366684
1.1722052014901607,0.5437580405533964,0.46564919184457465,-3.080027419660621,-0.50765046755871,0.42546578354987047
1.172247660959841,0.5443864603364303,0.4639920108246114,-3.0794890125812557,-0.5077791554027913,0.4257394390239225
1.172744933571831,0.5435005312005863,0.4630542165907672,-3.07872178625573,-0.5080423029405423,0.42547182886436374
1.1731788283668914,0.54308395311444,0.46143752092767243,-3.0778129351300696,-0.5083256864023599,0.4253884341491736
1.1738639460936902,0.5418563967508947,0.46016107987901456,-3.0767605678486936,-0.5086871870751651,0.4250168000863247
1.1744305265065156,0.5409638105693475,0.45883090223427314,-3.07580794436178,-0.5090046351539032,0.42476108840242166
1.1750103688449596,0.5399996080055777,0.4575832103783144,-3.074867092311928,-0.509321861276928,0.4244780298480648
1.1756224793397003,0.5387651797738496,0.4567511976982839,-3.0740193437108245,-0.5096240683635218,0.42408801508333316
1.1763712560453292,0.537219761965979,0.45581266841412926,-3.0730060802559973,-0.5099884120273065,0.4235960225889291
1.1771588571845255,0.5352711985562462,0.4555490308308858,-3.072157237426498,-0.5103229152665217,0.42294248758307584
1.1777554729674113,0.5337619138994487,0.45542375420345693,-3.071536548821943,-0.5105712918320237,0.4224334346975272
1.1782993409717186,0.5325288316710421,0.45498976127421753,-3.0708748462255864,-0.5108192471996202,0.42202951077841266
1.1787835286694501,0.5316113028111137,0.4541996455577697,-3.070164690504329,-0.5110671861888698,0.4217458172619857
1.1791248622719317,0.5311709561956948,0.45318013794532597,-3.069525375015604,-0.5112731236605106,0.4216327781902431
1.1795806651812852,0.5300292488632978,0.4530589894537027,-3.069043552849192,-0.511464591917915,0.4212486544249081
1.1803361509380044,0.5282695405000909,0.4525610454528517,-3.068155842096179,-0.5118019600793331,0.4206678401295697
1.1811663091020335,0.5263520227852223,0.45197777414976237,-3.067169562038709,-0.5121751058514434,0.42003640695906985
1.1820682872697927,0.52381572590029,0.4523585124482823,-3.0664021455369728,-0.5125122086756647,0.4191596199405492
1.1830126574673354,0.5213124635199071,0.45241613169677053,-3.0654964079906746,-0.5128881224161352,0.418305737312344
1.1838040427054277,0.5193883890626527,0.45207540106170363,-3.064620750187471,-0.5132293397539924,0.4176633181340293
1.185542394506783,0.514234331999234,0.45340488834814296,-3.0633203568774086,-0.5138389055991184,0.4158615207397345
1.1867207576550318,0.5107307200140986,0.4543282087753697,-3.0624454993250376,-0.51425061810819,0.4146359931990481
1.1875363102154581,0.5085944359941847,0.4543208064620745,-3.061646169612159,-0.5145791048976052,0.4139093319478556
1.1886455268369742,0.5056470245647096,0.45440458266665185,-3.0605871565802696,-0.5150195527269312,0.4129033714084232
1.1895375507510464,0.5033313070886983,0.4543497194264956,-3.0596988535761023,-0.5153819902825372,0.4121173662471122
1.190666413961896,0.49991388154399014,0.45537087389327624,-3.058901712254692,-0.5157672063793162,0.41091763449681956
1.1919301606964325,0.49596417258688574,0.456791687091203,-3.058092575749969,-0.5161797509289195,0.4095223525807621
1.192629852553191,0.4937650194729203,0.4576059805093702,-3.0576528732070587,-0.5164063007206672,0.40874463797885563
1.1937222200770075,0.4903405675297217,0.4588573452209168,-3.056960431104637,-0.5167613346740605,0.4075342054941745
1.1944816193633043,0.4880084402895847,0.45961862372648055,-3.0564464747352846,-0.5170154674007085,0.40671315650655815
1.1955980754300404,0.48445379641561837,0.4610200598586036,-3.0557754879142616,-0.5173700815760449,0.4054530056228702
1.196708252613724,0.48096307044187675,0.4623152181868706,-3.055078770459213,-0.5177293284609003,0.4042184408041724
1.1983126843255538,0.4760480347543825,0.463896293267138,-3.0539847077551183,-0.5182680915036981,0.402488895431951
1.199235012302599,0.47333110639636167,0.4645620588796884,-3.053282867413207,-0.5185941816014912,0.40154035514330444
1.2003295565494732,0.4704903266975857,0.4644932034254339,-3.0521924281729134,-0.5190390085134686,0.40057618842317366
1.201423183007404,0.4676733677111811,0.4643763829620795,-3.0510885036003264,-0.5194866967908017,0.39962185871985745
1.2027116437861085,0.4636197835539792,0.46588464215806225,-3.0502814327106327,-0.5199032909748144,0.3981880739507804
1.2042387871241216,0.4594856373346727,0.4661707153559851,-3.048874602720442,-0.5204981902798311,0.39677099254572773
1.2056423518502029,0.45563240082152895,0.4665537734266425,-3.0476176378391524,-0.5210368583740094,0.395445997443872
1.2064663896676504,0.45367789410281606,0.46608932457247443,-3.0466729687834655,-0.5213995399882106,0.39479768867481346
1.207731417794553,0.45052667229402066,0.465713992785028,-3.0453240035834646,-0.5219335712217963,0.3937389483859022
1.2090988340385982,0.44632419455280914,0.46709178343924207,-3.0444006415298057,-0.5223907058078967,0.39225920801913877
1.2103318581375204,0.4430277375335361,0.4672298544970095,-3.043236901110569,-0.5228772881176226,0.3911325154111534
1.2118328748956881,0.4393274618073438,0.46669759171156344,-3.041610227839099,-0.5235167955547299,0.38989260934729497
1.2135131510202797,0.43478656989479475,0.4669948747139545,-3.0400570891934304,-0.5241725248103054,0.3883367170767291
1.214587306090619,0.4322186624432404,0.4664346035506315,-3.0388392264566284,-0.5246422489881678,0.38748314097018705
1.216002423131425,0.4288061497983056,0.4657625497118376,-3.037254593896308,-0.5252566254069612,0.3863462000669369
1.2174200013867182,0.42541202736601563,0.46503483810697444,-3.035650866728495,-0.5258757402258253,0.38521752598854886
1.2186065566929252,0.42303552796355726,0.46338527922057415,-3.033996521249184,-0.5264640321832466,0.38446840125761883
1.2197002724349757,0.42029510877972986,0.4630964845732757,-3.032840942741252,-0.5269233389233556,0.38354632398053057
1.2215208714489347,0.41565337905487704,0.4627950212034675,-3.03097111955299,-0.5276758272961359,0.38197773163685417
1.2229396112005724,0.41227805474495133,0.46201837605535956,-3.029351584371214,-0.5282987049313661,0.3808572204639207
1.2244584677111334,0.40834367773828817,0.46190566382504117,-3.027833277514509,-0.5289171299661556,0.37952251074641374
1.2255700303912467,0.40587576889067367,0.4609015652480557,-3.0264457708872565,-0.5294317902660861,0.3787189825413386
1.2266806637068217,0.40350046461779215,0.459695493531997,-3.024998610714642,-0.5299596798081165,0.3779542560969006
1.2281625788756887,0.39985941054691543,0.45914282665262096,-3.023384488887409,-0.5305928794453204,0.3767352383227772
1.2294649301426976,0.3969887984700158,0.45791959412339533,-3.021744800472826,-0.5311990273904532,0.37580258944143174
1.2308439382703389,0.39413045767392146,0.4562183910574824,-3.019886868619731,-0.5318681957650082,0.37489136931718914
1.2322795677841925,0.3912031138045142,0.4543390131249647,-3.01792016983159,-0.5325721355615893,0.3739631005406824
1.2339316285194966,0.3873995387857345,0.4531505139949077,-3.015949094931491,-0.5333165857636517,0.37271173201222946
1.2349881933709066,0.3857886894112552,0.4505497994491887,-3.0141365951845036,-0.5339166607193075,0.3722574739294372
1.2362072289700998,0.3837737472842974,0.4478994765113333,-3.012150423573221,-0.534585417183285,0.37166750304746554
1.2373354309849431,0.38203932680563973,0.4451545777958654,-3.0102246728243784,-0.5352240131173573,0.3711764011138609
1.2384274160012336,0.3798119547557157,0.44372672611216557,-3.008729238253399,-0.5357593399333207,0.3704700181192411
1.2402468970092648,0.3754481473147444,0.442809285689566,-3.006675806313398,-0.5365528650736517,0.3690182310445136
1.2416569419047243,0.37244057471773906,0.44125997139867046,-3.0048330835759565,-0.5372242856163522,0.3680507480898367
1.2427996309687162,0.37024367296695493,0.4394658979719155,-3.0031782795102937,-0.5378046691570157,0.36736795280686085
1.24453696313441,0.36574444988006943,0.43933454626631807,-3.001440848412715,-0.538512213246181,0.3658417117468368
1.2459854459299333,0.3622677335888731,0.4386102312028135,-2.999807934019409,-0.5391435280890542,0.36468481026913946
1.2479768118013455,0.3573492558721239,0.43792515357728523,-2.9976561783923077,-0.5399905298690056,0.3630358941106218
1.2493066498984287,0.35466868936978246,0.4361146886199323,-2.9958135423544285,-0.540647282533473,0.3621891104859195
1.2506484628298846,0.351606774164901,0.43508807495493396,-2.9941942410468556,-0.5412560582652013,0.36118426826145744
1.2523517898319505,0.34717042043672386,0.4350157308436893,-2.9925077396391666,-0.541945952409494,0.3596772902272782
1.2539337570614753,0.342870843632746,0.43535019040934975,-2.991061834225453,-0.5425596412202197,0.3582021700045044
1.2559620116500891,0.337218243037019,0.4360927705050408,-2.9893021089824696,-0.5433253248900184,0.356251915048736
1.2570938398267837,0.33521445770831343,0.43392994068750834,-2.987547348145576,-0.5439261764866521,0.3556481437144687
1.2589612682124869,0.33043724194400176,0.4336567684822412,-2.9856402376986937,-0.5446955926569255,0.3540324273638872
1.2606886627801364,0.3260041336278857,0.4334357188303979,-2.983885623436653,-0.5454051813790595,0.35253192143665674
1.261966655521824,0.323624855773712,0.43125504113511104,-2.981982651608781,-0.5460660175890684,0.3518010228571492
1.2641009819557807,0.3184969060609032,0.43019905760021726,-2.9795799516553214,-0.5469954940908529,0.3500942166336177
1.2659461991492222,0.3142120619014174,0.4289534974399569,-2.9774029784070435,-0.5478214685173022,0.34868114296640895
1.267899936273096,0.3099829854742796,0.4269452875237334,-2.9748912577702393,-0.5487424509466013,0.34731457485916795
1.26921756561434,0.3078049960354015,0.42408079387676034,-2.9727445026093977,-0.5494652830643034,0.34667685355604544
1.270998257300473,0.3040284697473617,0.4220757909683919,-2.970402875884782,-0.550316456353767,0.3454641621183527
1.2731422262343417,0.2990400210156009,0.4206506593660879,-2.967880061980063,-0.551274673074694,0.34381814987698633
1.2750289598027584,0.29484335118331073,0.4189636125953804,-2.965530130882124,-0.5521470783781667,0.34245101608600637
1.276573390191214,0.29238625088639747,0.4153915061950346,-2.962949524870479,-0.5530087804756644,0.34174386219014924
1.2789824594558084,0.28626306174653726,0.4149503056857562,-2.9604626384092,-0.5540073434739682,0.33967620722808245
1.280623391961928,0.2831626963869146,0.4122520101276581,-2.958049725777835,-0.554849003888597,0.3387186233671061
1.2825917631748778,0.2788633433665201,0.4103152211914436,-2.9555451176474583,-0.5557710614218405,0.33732556369108235
1.284739299321317,0.2741877669528031,0.40816829108292074,-2.9528023850285976,-0.5567793262830438,0.3358120692105926
1.286741519348229,0.269463148479982,0.40698518220849467,-2.9504906854140955,-0.5576642359228989,0.33424709615169
1.2888536515277458,0.26465152460646957,0.4053510544733605,-2.9479363205784472,-0.5586237249594678,0.3326687974079383
1.2909460460330415,0.25986545663651905,0.40377567210263776,-2.9454188619501767,-0.5595713196243844,0.3310970742427597
1.2924381727504743,0.2575472791053033,0.40019974660195445,-2.942888231682254,-0.560412244135502,0.33043733043406687
1.294473859748273,0.25314367155800543,0.39810089935339454,-2.94026923662381,-0.5613722885650739,0.3290146450915584
1.2966649149313225,0.24818902540854126,0.39632334208605524,-2.937594725983033,-0.5623731778784844,0.3273928564695466
1.2978949850892683,0.24665667737782282,0.3925271603953777,-2.9352541821880296,-0.5631235462924641,0.32700846291884655
1.3003731028241956,0.2407017857811813,0.3913032014091924,-2.9324650975885764,-0.5642025975125257,0.32502633068706377
1.3021186365293311,0.2377235412434895,0.3877166537551988,-2.9296836056682727,-0.5651461493324834,0.3241423646405966
1.3041737781010374,0.23328032184058944,0.38559221020822454,-2.927037920889043,-0.5661157416723486,0.3227071242321521
1.3061347788889954,0.22965067931551686,0.3821985799524612,-2.924103680854359,-0.5671329541269805,0.3215945387260317
1.3081124803707251,0.2261964761124804,0.37831382130295355,-2.9210058523338778,-0.568189960814567,0.32055937927287215
1.3104131017157876,0.22125324300251903,0.375866820687788,-2.918023519787818,-0.5692800013877968,0.31896563888979507
1.3127275889791237,0.21631826530369103,0.37331984325980394,-2.914997656709351,-0.5703823518675069,0.3173783164589708
1.3148082553276845,0.21282045840650632,0.36892767225521084,-2.911647043492999,-0.5715149421162626,0.31634663554078846
1.3171374635362025,0.20810804457025067,0.3657956414738204,-2.9084313633939223,-0.5726626165371617,0.3148561649368748
1.3194485103705929,0.20334740442787802,0.36287836522429795,-2.9052978283881266,-0.5737885232190821,0.3133415321140788
1.3212327923497864,0.20042520342844916,0.3589385711306827,-2.902372543046408,-0.5747714496535904,0.3124893874013062
1.323357819536975,0.19645140144495288,0.35535193967582557,-2.8992201141653386,-0.5758676268322888,0.31126665901714856
1.3250706033980084,0.19390313963168004,0.35099468702782044,-2.896239534663944,-0.576849915153457,0.31055682607555474
1.3269502071008945,0.19072382359807472,0.3470706627284361,-2.8932258117417717,-0.5778701147251519,0.3096166217780811
1.3284776010608759,0.18991959407558934,0.3398962350195307,-2.8895816964383916,-0.5789675836520337,0.3096019335231644
1.3304001185124894,0.18695075445619846,0.33524855506821294,-2.8863090411586163,-0.5800537803179965,0.30875947104594753
1.3320707018279543,0.18527339052514513,0.32918848365528364,-2.8828591156059526,-0.5811337827550931,0.30840745068199615
1.33331251839542,0.18543245148493503,0.32153450924077287,-2.8793503271422987,-0.5821486996430015,0.30873785809824955
1.335157626382181,0.1834995290925322,0.31502127570711047,-2.87559394230128,-0.5833294108424611,0.3083152346736393
1.336748593682482,0.1825925683040831,0.3077033704781631,-2.8718446693582464,-0.584462110151824,0.30827076837916134
1.3381539878541813,0.18217395202266173,0.30038211312383534,-2.868275767960053,-0.5855204038600604,0.30839259551913567
1.3393531795547913,0.18240898721129517,0.29280844600912204,-2.8648327207113,-0.5865127696969784,0.3087459564005271
1.3412090800859318,0.17961862626630232,0.2881524549956822,-2.8616226838327834,-0.5875727349975876,0.3079645261235143
1.3424682916711212,0.17979174726446812,0.28036476222094797,-2.858056798097888,-0.5886036535906718,0.3083045446294018
1.3437124190374943,0.17986426380532838,0.27289106801261154,-2.854599808331626,-0.5896073578345838,0.3085989954586257
1.345593743128755,0.17633734445848692,0.26973556660994435,-2.851814846459311,-0.5905764888507077,0.3075127686466187
1.3469146147837505,0.17584813655652798,0.2630691410387005,-2.848524908348166,-0.5915566871210589,0.3075869378621031
1.3487087654605003,0.1740893679975094,0.25646525861303227,-2.844791147316036,-0.5927230102300801,0.30722684711101395
1.3501856849812044,0.17264434460154998,0.2510228308272995,-2.8417157073556765,-0.59368352886327,0.30693159205324905
1.3521680451825806,0.1696741386411209,0.24602653871901836,-2.838280030792565,-0.5948172715220632,0.30610124836272506
1.3538226550932093,0.16778261402372363,0.24054005773013465,-2.835017709224312,-0.5958522183547454,0.3056556493530072
1.354943666841711,0.16771769734487707,0.23409771755734599,-2.831990303783678,-0.5967369473128536,0.30586610641339246
1.3568987286154315,0.16461580339505444,0.22955682946047729,-2.8287178617892277,-0.5978290397377339,0.3049745137743541
1.3587112642344017,0.16225352160957762,0.22419677810901706,-2.825339095836536,-0.5989189839564544,0.3043641632157958
1.3600375060620928,0.16189074717505048,0.2172155825783204,-2.8219495248318274,-0.5999225418619735,0.304492716972305
1.3614638629702573,0.1601635618854198,0.2127023356583706,-2.8192021201136046,-0.6008001450451649,0.30406790840402464
1.3629909724584783,0.15893025581071019,0.206490713051118,-2.815846981141189,-0.6018326541149892,0.3038724612289012
1.3646260405109996,0.1577498405597466,0.19952618390818166,-2.812160564968531,-0.6029592892135578,0.3037221889704009
1.3660800550175818,0.15608249118244133,0.19471637123850183,-2.809297202480792,-0.6038679892331652,0.3033284462122888
1.3677408661101842,0.1545186935609204,0.18845933837688178,-2.805797769035254,-0.6049573270674039,0.3030221795014117
1.368803994408585,0.15443638644720326,0.1823961115732069,-2.802940615710698,-0.6057932437247641,0.3032130342837857
1.3708388254546586,0.15150964334343542,0.17699411155095435,-2.799332002832408,-0.6069754130707954,0.30241212469158607
1.3717711216801767,0.15211629342813804,0.17015646722966604,-2.7963705129752205,-0.6078108708446307,0.302865369661516
1.3732890011689023,0.15039891234957137,0.16508341591586118,-2.793365797280899,-0.608762984512831,0.30246410428889314
1.374801509442148,0.14898702429666166,0.15935762343863735,-2.790170606101018,-0.6097569005315348,0.3021903529364247
1.37623275941338,0.14807097438982353,0.15299867503607767,-2.7868649831125234,-0.6107607805503769,0.30210817872150053
1.3770966021323547,0.14848211224147767,0.14700125384424045,-2.784222340730526,-0.6115121191013109,0.3024645661466171
1.3789329002878066,0.14587047889959515,0.14206010781485912,-2.7809459588690495,-0.6125834063221898,0.30175424590605543
1.3803243667433698,0.1448235124596451,0.1362282054066426,-2.7778372551431327,-0.6135357898911963,0.30160849921792643
1.3818784825342747,0.14339852904930428,0.13028723524909847,-2.7745368760425677,-0.614560931410863,0.3013380590030666
1.3832571064327324,0.14251113479004396,0.12417336120826428,-2.771356174919187,-0.6155271410727643,0.3012567892911437
1.3842223276268486,0.14283910252956344,0.11776647922456385,-2.7684916692557713,-0.6163468280991167,0.3015996559862363
1.3856646337730938,0.14118449821832668,0.11299692306997389,-2.7656518213276753,-0.6172481081054395,0.3012087969575571
1.3869789542145066,0.14008906531548382,0.10772694313269837,-2.7627870122229314,-0.6181316203148328,0.3010262747408838
1.3878419753770093,0.14073006925894205,0.10121944885127676,-2.759992226776899,-0.6189169821654379,0.30147929223978903
1.3891383191656705,0.13964103658804927,0.09604077422318658,-2.757172365820223,-0.6197871152975649,0.3012956520620195
1.3900974314401968,0.13970432039431746,0.09026268518323399,-2.754502375269136,-0.6205619959688942,0.3015257555848504
1.3918006394838185,0.13737951042234642,0.08546117281126375,-2.7513979432192857,-0.6215703543495186,0.3009079944545577
1.393150922014158,0.13608076220630883,0.08043528474211925,-2.7485711764981873,-0.6224518895992289,0.30064747780860585
1.3941959521274345,0.13620909073288223,0.07400658923040826,-2.7456221258558116,-0.6233051422837396,0.3009231992535477
1.3950400687820097,0.13660663195520906,0.06815554702301663,-2.7430426553824923,-0.6240386889597094,0.30126967627073464
1.3965764265050535,0.13439829149929905,0.0640736574229348,-2.740317080367139,-0.6249314786766823,0.30066557109408787
1.3976458735350428,0.13370190928527803,0.05934882880504366,-2.737855071538788,-0.6256797946664396,0.30059915855232505
1.3982175792126048,0.13533340297106877,0.052334581912197864,-2.735193063542689,-0.6263821291399534,0.30140750904799357
1.3995601889614542,0.13423105860079942,0.04691383834010354,-2.7322553981877236,-0.6272871723857685,0.3012280770754078
1.4013643523669597,0.13151612284416703,0.042392933711019376,-2.7291364342992415,-0.6283172325851778,0.3004674360977491
1.402598869476176,0.13068194631109276,0.03700671176607817,-2.726314768590925,-0.6291764794993902,0.3003780093747807
1.4036574219628173,0.1306644214457049,0.0308252627216421,-2.7234266385192596,-0.6300185182495401,0.3005951754938005
1.4042201602678719,0.13121143398189394,0.026292956181181992,-2.7215176079751866,-0.6305500862980195,0.30094491226780107
1.4052857606714464,0.130363962652854,0.021929172988099932,-2.71916761870184,-0.6312725386944982,0.30081405504571856
1.4066569262239201,0.1294103222679044,0.016007520384850538,-2.716051845099776,-0.6322228026372636,0.30070330475223683
1.4079295669863068,0.1283335825181382,0.010940603105472846,-2.7132886617409158,-0.6330758762781896,0.3005198135107936
1.409167452557751,0.12717829242601775,0.006253881796351335,-2.710673449867514,-0.6338893661247197,0.30029586959946997
1.4100804173102004,0.12710274549536504,0.0010579654141078532,-2.7082231284711096,-0.634606478142499,0.30045771774075447
1.4107726324942162,0.12742380399642994,-0.0037290887859224853,-2.7061111625657817,-0.6352072748998092,0.3007397630694949
1.4119770359674508,0.1262883503176614,-0.008263482366942299,-2.7035743513018584,-0.6359970399988438,0.3005170705182249
1.4132769927165754,0.12461161731062631,-0.012146937623738974,-2.701139332205199,-0.6367813924086508,0.3000866963529151
1.4149160365429418,0.12244282432622555,-0.01692086037132534,-2.698105886182357,-0.6377620878890184,0.2995210283325217
1.4154420006370532,0.1231098119060885,-0.02150580368038746,-2.696217015058498,-0.6382824116825786,0.29991348987141825
1.4165230538993183,0.12186483573153661,-0.025069984757453923,-2.6940916840450138,-0.6389572250659363,0.29961850793318795
1.4180854237345444,0.11873746021705667,-0.02724609492385055,-2.6919121354440896,-0.6397321207026032,0.2986328840074483
1.4193664331658415,0.11667764043165008,-0.03016008802486614,-2.6897863296193636,-0.6404435593202813,0.29803715988989066
1.4198094588453314,0.11759875427265254,-0.03482687819616903,-2.687953979505986,-0.6409360404603828,0.2985190491615182
1.4210552047105518,0.11542646738143425,-0.03728171410243164,-2.6860003186658794,-0.6416023727502169,0.297868481043999
1.4221396216647313,0.11408872017144855,-0.04065785477111106,-2.6839280841724653,-0.6422658742744102,0.2975351436268846
1.4227245708354712,0.11319248369486457,-0.04208780184672167,-2.682927591321882,-0.6425974291853699,0.2972817911707311
1.4238052053640962,0.11127962996344554,-0.044153473512437036,-2.6812519994602453,-0.6431711487367623,0.29670545469215587
1.4242957649974535,0.111412980801875,-0.04733500980034033,-2.6798185454995878,-0.6435827137953407,0.2968656736359884
1.4247571418642937,0.11138472560598689,-0.04998305199120534,-2.6785735832431605,-0.6439466113911818,0.29695164441858973
1.4255232156782949,0.11059498225797748,-0.052715943837471246,-2.6770053720091176,-0.6444387626825141,0.296781561036036
1.4260572699015748,0.11001738174301423,-0.05456054689070711,-2.675930288092589,-0.6447777766382035,0.2966516007687486
1.4265168850080434,0.10924517901067254,-0.0555317901299236,-2.6751898379819035,-0.6450280323828161,0.2964238964917335
1.4267595154111263,0.10979140758870143,-0.058181189884051854,-2.674158268514499,-0.6453040488255374,0.2967053999284847
1.427482770005449,0.10924036120522662,-0.0611971319400747,-2.672547035257741,-0.6457980432312681,0.29662675680409895
1.4278668825374317,0.10885338691998148,-0.06258758908217843,-2.6717546785458124,-0.6460461686264655,0.2965452691369576
1.4279623021949792,0.10958989907801298,-0.06479812410357821,-2.670998585013184,-0.6462334240004185,0.29687568017693483
1.428754674355975,0.10831652450433038,-0.06660222511522174,-2.6696831692003067,-0.6466735970438771,0.29650750197031484
1.428581231590937,0.10923135594730737,-0.06763219532910192,-2.6695438519961474,-0.6466732131649943,0.29685597657121254
1.4290207375121815,0.10884815543140858,-0.06935663132198433,-2.6685972105609137,-0.6469661096063306,0.2967878285395036
1.429666816426681,0.10774772432720836,-0.07068841746489452,-2.6675664039959326,-0.6473156376837437,0.296461450057338
1.429397882215419,0.10931333841997704,-0.07261497727563793,-2.6672515753572568,-0.6473372361079458,0.2970637349218919
1.429664725160507,0.10902917515765442,-0.0735465834160609,-2.6667114234010314,-0.6475072956909461,0.29700066851646306
1.4298672874949432,0.10920912639248848,-0.07514005571431237,-2.6660356370701868,-0.6476960807893881,0.2971194207609387
1.4296693755981578,0.11003788841769102,-0.07583343439972101,-2.6660211630499484,-0.6476631866116621,0.29742645809611046
1.4304061233387468,0.10859551120765187,-0.07693208548825314,-2.664971643824331,-0.6480334769153384,0.29697530780981835
1.4306535199894326,0.10869395823968453,-0.0786064620024246,-2.6642277778063876,-0.6482457418347981,0.29706924641252075
1.4309206579876426,0.10890301725028129,-0.08064462212456036,-2.6633555358989036,-0.648490447096283,0.29721395509363757
1.431122158383037,0.10940885664814481,-0.08296184474007184,-2.6624637700715987,-0.6487275500990233,0.2974697245462648
1.4317959847019663,0.10870123514984409,-0.08533658693127244,-2.661093111914297,-0.6491584809260451,0.297314657352779
1.43223908871724,0.108214469589479,-0.08685018137874478,-2.660206174846591,-0.6494386241078969,0.297203657844485
1.432642500026747,0.10788055257993245,-0.08847289852711782,-2.6593253123205787,-0.6497101536713701,0.2971486081528515
1.4333331460944874,0.10720592553705477,-0.0910203916227017,-2.657886415195846,-0.6501594837127241,0.29701100393978835
1.433662467773736,0.10703129202603456,-0.09256450832034979,-2.6571015353211402,-0.6503959230962822,0.2970073175582955
1.434147564687559,0.10672489807795604,-0.09472891204911593,-2.655978408996123,-0.6507367867939094,0.29698118638881393
1.4347424117896246,0.10605307957484444,-0.09671972270189733,-2.6548000664080122,-0.6511100967948555,0.29682444350177484
1.4353023976038697,0.10544695712605079,-0.09865282645918227,-2.6536731002579304,-0.651465500148904,0.2966879724510923
1.4357526235883948,0.10513403098229956,-0.10059767503443406,-2.6526498901933135,-0.6517775527531595,0.29665169332590485
1.4366668305761114,0.10318349798023652,-0.10160091447878083,-2.65145553398141,-0.6522127852643483,0.29602418524167
1.4371654637524027,0.10230357058495132,-0.10256014814977699,-2.6506805492170495,-0.6524779239338745,0.2957593912280108
1.438145129505556,0.10001210085513923,-0.10318436374485229,-2.64953586525354,-0.6529139543291617,0.29500218871519684
1.4391645958154755,0.0978242399680771,-0.10427455613128767,-2.648212557047223,-0.653397374983317,0.29429706210301626
1.4396403374160147,0.09745055458826934,-0.10623324918691557,-2.647160257077732,-0.653720621556946,0.29424060774247274
1.4406273311958964,0.09494071116383118,-0.10641137072982243,-2.64614217264867,-0.65412955436277,0.2933929951821368
1.441592433546326,0.09256166502361884,-0.10675383127643645,-2.645096207356689,-0.6545407514825016,0.292595822020257
1.4427806842667206,0.08972518416926045,-0.1073829929758422,-2.6437461721519195,-0.6550610009688949,0.2916533432609331
1.4431610962318655,0.0888231753211105,-0.10759802361934245,-2.6433098854033887,-0.6552284724989301,0.2913541722200975
1.443916813392973,0.08697218011512675,-0.1078928445638273,-2.642482855176727,-0.6555522532742227,0.2907349630499508
1.445125606885503,0.08368910204263602,-0.1076423484746768,-2.6413765082104965,-0.6560215189486962,0.2896087648268221
1.4462285447776102,0.0811708603529463,-0.10848301670958727,-2.640046436123984,-0.6565217035212082,0.2887822102268694
1.4471956885372075,0.07872777720009005,-0.10869403063981509,-2.639037890015442,-0.656924868626378,0.2879585019596669
1.4475897868276992,0.07757051482643895,-0.10841772151663609,-2.6387355552687364,-0.6570647523404515,0.2875547382933678
1.4486462641371611,0.07482716847474158,-0.1084811233846017,-2.6376839574063977,-0.6574939026884431,0.2866235290502708
1.4499203792072612,0.07121059401356866,-0.10786746363833122,-2.6366226610760464,-0.6579649792672415,0.285370740674639
1.4506601584858634,0.06886303551754713,-0.10695631983109732,-2.636172818333474,-0.6582011279660425,0.28453903115348383
1.4513929241591406,0.06749917580601694,-0.10820744938860671,-2.6350814702707996,-0.6585800863226368,0.28412010252852965
1.4523081923500207,0.06496021444052513,-0.10789884298355046,-2.634279435442107,-0.6589273920767755,0.2832450125660753
1.4532507657816218,0.06261296751771361,-0.10818014014796506,-2.6332738295281017,-0.659325409423858,0.28245645215698445
1.4542493497824083,0.05984812409625295,-0.1078551718314873,-2.6323952690849244,-0.6597051200547169,0.2815039091024578
1.4554412811026056,0.05692193644626864,-0.10830501937867154,-2.631095404080083,-0.6602147728499481,0.2805244325431378
1.4570515621917064,0.05202813199833667,-0.10680587690362275,-2.629971056680907,-0.6607614065245526,0.2788050691650042
1.4580722607621621,0.0495088568476838,-0.10716094139690224,-2.6288669730812133,-0.6611958114860959,0.2779606342473543
1.4584101803166303,0.04935580606314427,-0.10880392989472831,-2.6280440429280314,-0.6614423677204176,0.2779678609106003
1.459123770228198,0.04841051885849568,-0.11087997515709891,-2.6267240850102063,-0.6618691727458915,0.27772113957875044
1.459730086593488,0.04744753465700291,-0.11228597379817606,-2.6257098891181236,-0.6622077078948945,0.2774442099452904
1.4605945604605548,0.04589809281227475,-0.11389539683068295,-2.624382376497133,-0.6626637661887617,0.27697506516139214
1.4613963518010693,0.04420605788398757,-0.11481704968646833,-2.623322357667896,-0.6630482939468464,0.2764325730419741
1.4618908325621018,0.04339776067861012,-0.11591233315557237,-2.622510636719409,-0.6633209256809878,0.27619706407699746
1.4620209616588784,0.043777839851121936,-0.11752843070772578,-2.621898861452148,-0.6634821043525341,0.2763847319633464
1.4624013581705926,0.043660933625612075,-0.11950200387729881,-2.620935288671604,-0.6637680084718383,0.27641619078083285
1.4629712522423464,0.04318711317615431,-0.12178969170611165,-2.6196923158544076,-0.6641512780308216,0.2763375383529175
1.4633578787153567,0.042938419987447296,-0.123504672576918,-2.618800193211702,-0.6644222713010817,0.2763148187813442
1.4641059139295844,0.04175567824602877,-0.12525124039160185,-2.6175453631349366,-0.6648407386000135,0.27597540409454413
1.4646095391016725,0.041312718342578214,-0.127218619207498,-2.6164632057011916,-0.6651757840137069,0.2758956907292343
1.4649229440811706,0.0408918634338602,-0.12811766258008717,-2.615887308623759,-0.6653623761851495,0.27578493588606545
1.4649949550436283,0.04142182918422421,-0.12972796886127147,-2.6153340737601996,-0.6654997916218943,0.2760233976914269
1.465347542127177,0.04071914613969918,-0.13022597408389502,-2.614840132402216,-0.6656751313989272,0.2758022670757907
1.4663776902599834,0.03857880350410903,-0.1314853805178996,-2.613455644885696,-0.6661742445875674,0.27511941789009703
1.467150580493694,0.03678716418319383,-0.13201407843322177,-2.6125417016315833,-0.6665206835464424,0.2745288483347072
1.467605269271243,0.03576522141068683,-0.13239695274456187,-2.6119824895941854,-0.6667293311144996,0.2741949251198784
1.4675887161288763,0.03590602179279001,-0.13261506978659454,-2.611933265750327,-0.6667373642911317,0.27425070954860414
1.4680819536886898,0.03463050995485073,-0.13265648460238655,-2.6114387636998955,-0.6669385174187926,0.27381817706290706
1.468460412001885,0.03374370216181832,-0.1328940848172,-2.6109976189108695,-0.6671067233277057,0.273524993277726
1.4687971759877394,0.03285733333610752,-0.13288764683495946,-2.6106704007505277,-0.6672417250520367,0.27322314990853613
1.4691039195084432,0.03206735026788188,-0.13292069467613732,-2.6103606843170244,-0.6673673129310376,0.27295552970654996
1.4693180500109482,0.03119807924192275,-0.13223188614268,-2.6103579361241644,-0.6674070374972813,0.27263487305466677
1.4693949056899458,0.031090842846147715,-0.13244332733522912,-2.610219417514399,-0.6674521869872825,0.2726060152817567
1.4691597481893142,0.03156882431565777,-0.13213207797454518,-2.610542585800508,-0.667336651610577,0.27275742636136996
1.4692101099890453,0.03147156260333939,-0.1322101681887996,-2.61046994740714,-0.6673621648778978,0.27272714922460134
1.469050319256745,0.031816261651954836,-0.13204326705552905,-2.610676170232761,-0.6672866614525975,0.27283841783701035
1.468858654354936,0.032237154672885016,-0.13185972855199024,-2.6109185351795143,-0.6671972187555519,0.27297501295759025
1.4687504075373452,0.032440703808277016,-0.13167955470318016,-2.611078359515158,-0.6671415506616241,0.2730377723920452
1.4684954898543188,0.032811896860147405,-0.13101297584260607,-2.61152738712507,-0.6669941367569499,0.27314001962806395
1.4682786838250437,0.03320755163440592,-0.13062515884261916,-2.6118555778301973,-0.6668808248619439,0.2732606529885776
1.4679845988057414,0.03332785390194937,-0.12916641218416525,-2.6125804195555906,-0.6666643062154333,0.2732489332641936
1.4678300896337302,0.03343850780791591,-0.12850628659177388,-2.6129293742148763,-0.6665577079208487,0.2732627579463136
1.4678797529777687,0.03303482226709231,-0.12789388152290837,-2.613064464341316,-0.6665364350561878,0.2731032872623495
1.4679619400278057,0.032291079188489724,-0.12671087534856396,-2.6133388616764823,-0.6664898118517572,0.2728075060262113
1.4678601884486515,0.03208817743148207,-0.1256584197187589,-2.613753892416527,-0.66637800727108,0.2727004731195839
1.4678637960497827,0.03172499595298839,-0.12486609208483002,-2.6139879468096665,-0.6663260944278862,0.272548290442149
1.4678747120782,0.030767660683523435,-0.1227858061459719,-2.614601053923511,-0.666190376093588,0.2721474399144925
1.46782877871457,0.030452966805206594,-0.12181095780194762,-2.6149382580493636,-0.6661062466445221,0.2720051680741302
1.4677062936242715,0.030345869291790617,-0.12085126124981982,-2.6153457395214086,-0.6659923511068638,0.27193408344338177
1.4681805545194389,0.028432190404360957,-0.11935166051673662,-2.6153318604129026,-0.6660820842054134,0.27122877189352457
1.4674354857779985,0.030003387033968765,-0.11849266618291798,-2.616317651100798,-0.6657245884846166,0.27173240727267606
1.4675218957604679,0.029447670283272,-0.11775565635865337,-2.6164541884452475,-0.6657097017027201,0.2715167060445601
1.4672962794636215,0.029664899054000493,-0.11691638977767838,-2.6169263578988358,-0.6655624412327645,0.2715603293240094
1.4679429717778762,0.027574852594792865,-0.11603503787135427,-2.616558563967038,-0.6657631599371813,0.2708173206291288
1.4680016377200185,0.026906861208045307,-0.11488349133899545,-2.6168465173049023,-0.6657091961460125,0.2705484515429303
1.4677681722239637,0.027141193711129108,-0.11403641047663848,-2.617328701582255,-0.6655582526918572,0.2705976127610129
1.4677983302727797,0.026616383095015572,-0.11303805960510305,-2.6175985822451846,-0.6655031417816171,0.2703829946526072
1.4678792901074225,0.026166004608720206,-0.11250497954065519,-2.6176792979020136,-0.6654997979119308,0.270210498795035
1.4677661842980099,0.02606387751693917,-0.11161153517234423,-2.618057746392202,-0.6653941365314635,0.27014349696478374
1.4679410546829188,0.02519459845070271,-0.11069199205495572,-2.6181625565593802,-0.66540253187734,0.26981450883795166
1.468377278670163,0.023630920331943583,-0.10975286634643788,-2.6180177950894667,-0.6655147160912631,0.26924852577634867
1.4684000764204272,0.023164894744848064,-0.10884294056266874,-2.6182683552382002,-0.6654626005908048,0.2690571027118576
1.468608423435098,0.022238606244652126,-0.10799242530718756,-2.6183197477078606,-0.6654891081932491,0.2687112072549661
1.4687151706572101,0.02178507323493506,-0.10760382162972337,-2.618331937696429,-0.6655058657210123,0.26854285309494136
1.468873928553841,0.021096764937956425,-0.1069949669530692,-2.6183593356827792,-0.6655287061945075,0.268286659972926
1.46861337302392,0.02158841804939482,-0.10656508770517559,-2.6187428989789954,-0.6653949667832652,0.2684384410605059
1.469103649181547,0.020150049331484232,-0.10622429937220146,-2.618365895446806,-0.6655691873412065,0.26793669587164465
1.4696151309689267,0.01873303164084672,-0.10605595474440588,-2.6179164583601118,-0.6657635502795579,0.26744844058283124
1.4695729508782622,0.018653072363229772,-0.10562896948007505,-2.6180857166701337,-0.6657178291516762,0.2674058195491438
1.4694551555722137,0.018740042274271285,-0.10513154486909682,-2.618350001600795,-0.665636953958887,0.26741745806685935
1.4693701344093961,0.018836449274552414,-0.10484786038278116,-2.6185181632851418,-0.665583654956147,0.26744002310603127
1.4693674363406066,0.019071213026272238,-0.1053578767128237,-2.6183678713184637,-0.6656169197619026,0.26753831769231856
1.4694825367703253,0.01907149071684755,-0.106034899587377,-2.6180523675638505,-0.6657088072062564,0.2675628504227472
1.4696874652056846,0.018831993083027965,-0.10670270923135317,-2.6176518297213667,-0.6658361999844352,0.26750546054377256
1.4696221981113924,0.01914013289951433,-0.10700939423205502,-2.617623661028748,-0.6658306071229787,0.26762138374768474
1.46984287712676,0.018813149360971226,-0.10757379514910492,-2.617238736014644,-0.6659573696284834,0.2675304917163792
1.4700824627659643,0.018637166876617428,-0.10858754603251786,-2.616700593781077,-0.6661219997189737,0.2675072018959582
1.4704390747534604,0.017871267890823717,-0.10896760007630679,-2.616238086341849,-0.6662910141025029,0.26726030270646056
1.4701121290457309,0.018966151901703587,-0.10949881122858007,-2.616398354369533,-0.6661953047255527,0.2676520415489056
1.4702610625672512,0.01872951575898285,-0.10984397010645053,-2.616149292432297,-0.666278447497041,0.2675839787670167
1.4698323819637538,0.019831546290935087,-0.10979333274073866,-2.6165834627735083,-0.6661026358961449,0.26795714664071957
1.4698443484578025,0.019722358222099445,-0.1096190734562521,-2.6166240187433774,-0.6660957119654457,0.26791370227396255
1.4700185384193092,0.019443858224270416,-0.11001887947363509,-2.616333885488988,-0.666192692555773,0.2678333667595882
1.4704310273535242,0.01834633402722574,-0.10998445885204278,-2.6159410454098353,-0.666356263701216,0.2674586619822834
1.4704776631440324,0.01828647832246355,-0.11012444236874819,-2.615853489985097,-0.6663844470388672,0.2674433473909981
1.4707943489905109,0.017619497679147722,-0.11049144339975803,-2.6154339197818253,-0.6665365253227282,0.26722963667478117
1.471103281028511,0.01672120659055798,-0.11029474186960908,-2.615190954952039,-0.6666475196046978,0.2669168685616644
1.4710878968907795,0.01709510322456076,-0.11104186533422511,-2.614981965313301,-0.6666916517891442,0.26707106564292743
1.4713483410656811,0.016681369608136265,-0.11164563020434937,-2.6145463710366226,-0.666837057709161,0.26695207545572935
1.4713912446658828,0.01661896147165698,-0.11175796361932422,-2.6144707543215273,-0.6668618778339069,0.266934894255212
1.4713264294024893,0.016690004351204712,-0.11153620567078737,-2.61460059828273,-0.6668208757612663,0.26695106380472045
1.471410164404302,0.01664771960204825,-0.11193356596617865,-2.6143996078439287,-0.6668813136407511,0.26695101863884024
1.4714275200277918,0.016497515212957725,-0.11169909977913761,-2.614452949664722,-0.6668725020715713,0.26689144409334153
1.4711635792659443,0.017229017620899567,-0.11178659031124205,-2.6146846876772822,-0.6667722463707104,0.26714351569614825
1.4711354529540936,0.017240879206151805,-0.11164787282441291,-2.61475377256554,-0.6667515922003944,0.2671425446888596
1.4709781890619287,0.017574768475064895,-0.11147160700210501,-2.614960333705055,-0.6666764742695956,0.26724979694755246
1.4709587525879164,0.017546259348015902,-0.11129352576799156,-2.615032728530472,-0.6666566636943861,0.267233667814594
1.4708870507242033,0.017653529425030068,-0.11111244700684908,-2.6151571056580485,-0.6666156318246831,0.26726363302966255
1.4711282206095482,0.016951175798417095,-0.1109564342120869,-2.6149681700789866,-0.6667021148208918,0.26701900666632017
1.471155004252737,0.016985641406998764,-0.11119103447154277,-2.6148716469299287,-0.6667286867716752,0.2670392027991998
1.4713332812372424,0.01657507435578487,-0.11131902756477696,-2.6146590225132473,-0.6668090042777465,0.26690411636758427
1.471548838889392,0.016014888230833746,-0.1113309573819864,-2.6144447621885147,-0.6668964979087749,0.2667139285049652
1.4714545073704977,0.016284052918055236,-0.11137953750402962,-2.61452239373901,-0.6668618327927585,0.26680727265219767
1.4718178544944964,0.015298953352011924,-0.11130816108094765,-2.6141886654476756,-0.6670031517355458,0.2664694894184241
1.4720920905695754,0.014546734458382837,-0.11123476711578861,-2.613942638061313,-0.6671084972820639,0.2662108773091812
1.4717226960749832,0.015437294222850895,-0.11105883590076471,-2.6143564324704403,-0.6669480899818965,0.26650756384674484
1.4718418734279022,0.01504525534836254,-0.11088102644372311,-2.614293266510232,-0.6669840436031679,0.26636774368964583
1.4717414649603422,0.015263987959676428,-0.11078092660890815,-2.6144214194563906,-0.6669369208629035,0.2664385601140812
1.4718423192026069,0.01487901843984396,-0.1105112746809831,-2.6144037013361467,-0.666959319894875,0.26629783029327164
1.4718715593518117,0.014524865138008214,-0.10988980280455951,-2.6145614715123253,-0.6669292228429321,0.2661548870129362
1.4717577584764432,0.01473293291686073,-0.10968711168095013,-2.614733476141954,-0.6668698045400285,0.2662183712405578
1.4718264573333446,0.014421946135725783,-0.10939421661254767,-2.6147541557477507,-0.6668777063022997,0.2661019770498513
1.4718494465550278,0.014204375243511369,-0.10904195564562191,-2.61483731227473,-0.6668632268367387,0.2660152272349716
1.4717086309559058,0.014470001389812692,-0.10880944040365026,-2.6150446635310787,-0.666790935435572,0.266097220704834
1.471806826021137,0.014028135541647946,-0.10839671349100632,-2.6150724456646244,-0.6668026288558445,0.2659319658449647
1.4717650925841856,0.013939707513896504,-0.10795338300065382,-2.6152461685574,-0.6667559864973571,0.2658858730824204
1.4719054268927423,0.013504315995122362,-0.10780279469990761,-2.615154161775734,-0.666802282105563,0.2657322836066834
