,class,ankle,knee,hip,shoulder,neck,elbow
0,7,1.0062034379498592,0.7196713749191295,0.7538959336019002,-2.5275816476918664,-0.37017129461597253,0.16813749850058693
1,7,1.0059785446811145,0.7201784683853616,0.7512680703260166,-2.5293297954637253,-0.3720858951743513,0.16999342975338505
2,7,1.006031336992779,0.7205931655792346,0.7480449336912001,-2.530814000390685,-0.3734148890593394,0.16933574599918944
3,7,1.006814787668333,0.7196479676796566,0.7451862752677485,-2.5323273305012344,-0.3744533763229616,0.16978898898409095
4,7,1.006440006585726,0.7206490078812195,0.7412848344758662,-2.5340991540373548,-0.3749594858793417,0.17014693228733058
5,7,1.0076329716414516,0.7186143583324278,0.7384926019702209,-2.533920731846735,-0.37488533863305573,0.16808095197628828
6,7,1.0082239750918223,0.7173774766858831,0.7356007775672369,-2.534072986532867,-0.3748654308572972,0.1677961818206462
7,7,1.009080364188602,0.7154314705120162,0.7334082017168293,-2.5346157985978133,-0.37512514334081404,0.16860715402962798
8,7,1.0098814436295371,0.7138970349645288,0.7310445027455725,-2.535073323489397,-0.3759215320911622,0.16961732741562235
9,7,1.0107033456196768,0.712673998915853,0.7285327772683143,-2.5363699232036025,-0.3767662084781134,0.17127706424929712
10,7,1.0115145161124452,0.7115597223154082,0.7259980880915018,-2.537300181596487,-0.377332951216085,0.17205847623107973
11,7,1.012621472092864,0.710345787680599,0.7231436695181084,-2.5388769777871625,-0.37721748413934675,0.1733261451704472
12,7,1.0135608616450897,0.7088554055878633,0.7206573424131784,-2.5394441986028804,-0.37713794861195726,0.17192862791370384
13,7,1.0143023902017863,0.7073770078384154,0.7184011578006468,-2.5414896648405634,-0.3772335173566743,0.17381012087618006
14,7,1.0151492716168684,0.7056024298352817,0.7162056793731781,-2.5430448316520193,-0.377350740028886,0.174444739415488
15,7,1.0157714965471658,0.7043521389301275,0.7135841147352926,-2.5450203795027164,-0.37745226241415697,0.17511679723698903
16,7,1.0164378131615728,0.7027758200248024,0.7109771842229429,-2.5468885101928476,-0.37746342991892545,0.17582229960065848
17,7,1.0172751724898517,0.7012963434037578,0.7077807654308454,-2.548237458524123,-0.37709115449794384,0.17612048206329786
18,7,1.0178756136671698,0.6996455773664854,0.7054318226516134,-2.549305163310235,-0.37755220822540814,0.17508685968548238
19,7,1.0193077098185395,0.6967586504001244,0.703602985328379,-2.550217919433561,-0.37847650220938833,0.17429936430579593
20,7,1.02096552210235,0.6934902868384747,0.702004956121216,-2.5513669346564827,-0.37968572126867794,0.17468065609649777
21,7,1.022326811071372,0.6914950002407938,0.699543963172899,-2.5525754780257097,-0.3810368830753701,0.1757733151881337
22,7,1.0235612055651873,0.6896180388742228,0.6966272327131404,-2.5527469958664346,-0.38108820574852453,0.17488933793770098
23,7,1.0253517386144315,0.686900533881116,0.6940937561227913,-2.553122264014834,-0.3810921187434668,0.17394971143613827
24,7,1.0273023033796524,0.6840752717847882,0.6916551274234535,-2.55267976633354,-0.3812786755962092,0.17221030622916406
25,7,1.02906802681727,0.6817227004836643,0.6886792334128131,-2.5530503951412373,-0.3811908198580265,0.17178628311379995
26,7,1.0303850168231763,0.6792530481563375,0.6861547495918336,-2.5541255126084494,-0.38068421678987496,0.17280459982495822
27,7,1.0321527423399015,0.6764381774556751,0.6833282944669956,-2.554915612551736,-0.37984794895128937,0.17310188874509985
28,7,1.0335773332857217,0.6737702205808347,0.6807580471938686,-2.5557280387816426,-0.37905755624572546,0.1718256867546384
29,7,1.0350268761834385,0.6715607511392763,0.6776780724174312,-2.556190412647524,-0.37886747120841235,0.17011831350494813
30,7,1.0365363091013715,0.6684093668289055,0.6758232713452941,-2.5576731528617844,-0.3796466575628976,0.17049369050103244
31,7,1.0389336848889006,0.6636867854393971,0.674318398980168,-2.5594596377552445,-0.37973775071404337,0.17143558734284253
32,7,1.04098283270264,0.6597437351730304,0.6725619530156743,-2.5598758709162066,-0.3801791744435967,0.17065059575442812
33,7,1.0438089806883912,0.6547915245092155,0.6712255993060605,-2.5610220745818886,-0.3804284145431356,0.17164921457941565
34,7,1.0464709994277244,0.6504563594096544,0.669566094244981,-2.5614646474912397,-0.381187995027066,0.17102496879981607
35,7,1.0483612361101753,0.6472207221280228,0.6671424835351638,-2.5613026190214248,-0.38136249364180363,0.17076350724199735
36,7,1.0507649009084419,0.6432134001319254,0.6646415303542113,-2.560744407266125,-0.3806245572517979,0.17148187659858916
37,7,1.0531880455375948,0.6392765946463435,0.6618038550633558,-2.559930631480771,-0.3796273346947614,0.17176675436986635
38,7,1.0553769278323526,0.6360927320626331,0.658600834456067,-2.5599551828887703,-0.378815101400241,0.17156317900170215
39,7,1.0585729389564869,0.6311300862496843,0.6560201307926081,-2.5604026576637375,-0.378177444764914,0.17272549549098853
40,7,1.0604944165191958,0.6279693726581501,0.6530963790983491,-2.5611817887068606,-0.37798109945341163,0.1736019999437969
41,7,1.0620429107018685,0.625194330759623,0.6501122139890019,-2.5626269059825546,-0.37773277113279335,0.1751936230671795
42,7,1.0647584096135927,0.6205550111507316,0.6480709519357892,-2.565039950642464,-0.37820610102228014,0.17701477098737153
43,7,1.0677490726864045,0.6153142247606833,0.6458389379813754,-2.566659621814444,-0.3789327957265536,0.1783500230361011
44,7,1.0704598092030662,0.6100257031510918,0.6438770445100783,-2.5677453977524394,-0.37936561042191586,0.17849146776444644
45,7,1.074275216483126,0.6034583336971688,0.6417156183149373,-2.568248348310134,-0.37930772724197537,0.1786940158235945
46,7,1.0764410649088083,0.6005775221165517,0.6369910826142335,-2.5680088177321374,-0.378414095193776,0.18006887506406488
47,7,1.079633486606858,0.5954841057874802,0.6334794370018448,-2.5674830823643076,-0.3777898222878602,0.17983868809382633
48,7,1.0825719438938166,0.5911681904840547,0.6287778595092275,-2.5655458309848505,-0.37637809014031665,0.17813311633563772
49,7,1.0866104748539913,0.584533994254214,0.6255882037156193,-2.565781121067635,-0.3749515466185569,0.18003601885840628
50,7,1.0891128771705416,0.5812398476248521,0.621151259483212,-2.566081842259719,-0.37542289471595414,0.1806804114591896
51,7,1.0921810515873684,0.5758755261887234,0.6183287582293664,-2.5674030513597708,-0.3756185959703624,0.18224150939814326
52,7,1.0957037813089836,0.5704775359699026,0.6151198484857154,-2.5684944868349553,-0.376387121280215,0.18302480956938955
53,7,1.0996341861077379,0.5637143522447385,0.6128577826193067,-2.569535566261891,-0.3771435947055808,0.18193207092889546
54,7,1.1022040220961966,0.5599824148305244,0.6084703317247089,-2.5711674844141985,-0.3772272103186114,0.18277527436588742
55,7,1.105556193394544,0.5556821149526625,0.6038374275037008,-2.571670628081363,-0.3785974637568832,0.18297487232835552
56,7,1.1094796856714564,0.5496420354035316,0.599718809836181,-2.5720001685932736,-0.37833601125224314,0.18345896001053902
57,7,1.1131668471047869,0.5433802381427213,0.5955166982212596,-2.572379896021864,-0.377708974468528,0.1837467221698294
58,7,1.115749187845247,0.5406414327477451,0.5887188393354132,-2.5722621759497475,-0.3766471310696291,0.1843436738257961
59,7,1.1198297825646992,0.5337799328096229,0.5847874069901644,-2.573320711232456,-0.3763254506212128,0.1856926324921769
60,7,1.1238629711707149,0.5283876648917141,0.5792819990682005,-2.5741354095639424,-0.37571650945880797,0.18674261475726656
61,7,1.1272316320704294,0.5234231823829361,0.5738139673731846,-2.5748695055744806,-0.37567410902376874,0.18784242893786682
62,7,1.130158113926117,0.5196214232147383,0.5679504267117268,-2.5765509086996463,-0.3756297103136723,0.18908520873587475
63,7,1.1348240897190283,0.5127414994509389,0.563585793525172,-2.57787535750151,-0.37628547608917806,0.19044698660656856
64,7,1.1378837257945928,0.508876572267462,0.5575214271014046,-2.579248141246478,-0.3769124807133253,0.19134030298340382
65,7,1.141623627244456,0.5035355026322368,0.5522984500332984,-2.581033440585527,-0.3769554803939852,0.19238050312828853
66,7,1.1461057780036514,0.4973458992413127,0.54774316483331,-2.5832267654897247,-0.37904454052257575,0.19280513363142393
67,7,1.1503352343015194,0.4907971565578948,0.5433123009776015,-2.585043446822143,-0.3799271618375324,0.1932524676878954
68,7,1.1531889070530361,0.48751973122532655,0.5367319847129934,-2.58609734872441,-0.3803956245613205,0.19290375695144826
69,7,1.158641414096807,0.47784375072315055,0.534337797700041,-2.5881709945432894,-0.38230024213150693,0.19368940086877817
70,7,1.1620405595324368,0.4732990567446591,0.5287739249063403,-2.5900188093259775,-0.3837892956348614,0.19423166350110968
71,7,1.1667768498743802,0.46628553553682406,0.5243050174898045,-2.5919889668773313,-0.38451914895163486,0.1947228446744581
72,7,1.1710369335185722,0.45984446368647114,0.5198316070629383,-2.5935805624615873,-0.38618114756890454,0.19494750407087574
73,7,1.173807073262309,0.4560151438491715,0.5131836399793996,-2.594951133367688,-0.3861884620007552,0.19562392211174584
74,7,1.1783117311933164,0.4508278981389022,0.5056983951672231,-2.5965418394360804,-0.38582393622109357,0.19731899372719747
75,7,1.1823711578737688,0.44537314925201366,0.49915415261998763,-2.5980465195640385,-0.38634734591566167,0.1977079378464099
76,7,1.1859405071662652,0.43987170241101303,0.4925869418120874,-2.598546815293129,-0.3854603173606226,0.19748216172954736
77,7,1.1895963261835267,0.4356388476902757,0.4842908471441798,-2.598853370979166,-0.38471022478883565,0.19824148413775294
78,7,1.193738147687924,0.43062202556244,0.47685382722072367,-2.6007476787856696,-0.38574003720312366,0.20007275062947882
79,7,1.1976039745799947,0.42473017760037224,0.47011591894175186,-2.6018238953963664,-0.38493020405626877,0.20001431914308254
80,7,1.2021939509353863,0.4187074153749182,0.4639135323193144,-2.6035634470656173,-0.38693809274264157,0.19951962707805537
81,7,1.2060108614580551,0.4153956649921584,0.4553697569098536,-2.6046789062938522,-0.38814633426655476,0.1992033877376157
82,7,1.2110856133585595,0.4067973798504996,0.45044339431169855,-2.6062023735836193,-0.38880688988253453,0.20130320956425463
83,7,1.2163138205755843,0.39975971980182656,0.4451250502950952,-2.609531036281627,-0.3918508925230868,0.20283714101043177
84,7,1.220944539036232,0.39421530406830096,0.438130004890976,-2.6115692519785805,-0.3929948481899528,0.2032209885424633
85,7,1.2260548736504215,0.3875874949242277,0.4316130339110924,-2.612545605558963,-0.39439828589423365,0.2033695666393841
86,7,1.2304639386169676,0.3818581218398367,0.42530319352802337,-2.6142555901402558,-0.3963823331127916,0.20548741031866052
87,7,1.2358008634183395,0.3757214674819904,0.4172188503537744,-2.6153740485742714,-0.39622510657151144,0.20709839236101757
88,7,1.2397281807632492,0.37035466162060926,0.41089859855492206,-2.6166753177209245,-0.39869959664745713,0.20630791351952177
89,7,1.243507824677021,0.3665119446247318,0.40246255332156267,-2.6173394414683036,-0.39929254093610433,0.20631388645297333
90,7,1.2478748205477184,0.36100403669965986,0.3956789545259136,-2.6185324141225395,-0.40207396560317266,0.2067403596252727
91,7,1.2518416442739182,0.3553998408586123,0.3888794162399132,-2.618797888944091,-0.4039849539597873,0.20628514289716893
92,7,1.2549044369615312,0.3522841846898346,0.3807625089790543,-2.61989083781455,-0.40505497122668976,0.20548876569144986
93,7,1.2592385663130221,0.34669305639482784,0.37493200306043706,-2.6233036312795583,-0.4095351941739558,0.20696974334867319
94,7,1.2626126831253008,0.34218230766647273,0.3678298732320824,-2.6243367572241745,-0.41111672589739956,0.20773127330309155
95,7,1.2659884359535705,0.3387088715606832,0.36033212323489394,-2.6263346794040316,-0.4143242260419002,0.208315015754015
96,7,1.270206691913271,0.33208947721107207,0.3553024387443069,-2.628205073891352,-0.4173044888928845,0.2082874042519704
97,7,1.2740771430427091,0.327464827823597,0.348358458059719,-2.6298483239957933,-0.4192131251824682,0.20975598958867436
98,7,1.2781351550630438,0.3223974342754665,0.342259343849056,-2.631416115550632,-0.4232893598032621,0.21026224624805634
99,7,1.2824364787560918,0.3164825200305432,0.3358344557952937,-2.6319664881291462,-0.4249978759806665,0.20956888186077388
100,7,1.2861646583893256,0.31278619348580716,0.3288304570997356,-2.633916079215153,-0.4286714331099615,0.21028604688270003
101,7,1.2910217105587245,0.3048664367722609,0.3248678946395047,-2.634927249935534,-0.43206676814484735,0.21090749548169663
102,7,1.294374047387839,0.3024925764664683,0.3167001371672753,-2.6352313089283723,-0.43465948242814245,0.21079207778129694
103,7,1.297719883840351,0.29888265375115175,0.3103377158278988,-2.6365746190200627,-0.4387334728654728,0.21019377095550273
104,7,1.3020154816409457,0.2921940136384049,0.3053076302812241,-2.637433626870163,-0.4406912520467272,0.21065123012719966
105,7,1.3053796665270192,0.2882955997766947,0.2988955171752694,-2.6388751328237827,-0.4437472426952407,0.21116372713269116
106,7,1.3078308663473852,0.2872015579605989,0.29071333575953995,-2.6409913313863735,-0.44683958310011573,0.2125098977081873
107,7,1.3111165738834043,0.2830839747000973,0.2842193436046403,-2.64248589771391,-0.44887402483580163,0.2141204051224952
108,7,1.3143852432215388,0.2783605232545967,0.27890112104435727,-2.646322025736356,-0.4519700818159378,0.2186942467098726
109,7,1.3167869683321822,0.27570104222005853,0.27129958733727655,-2.647238481145946,-0.45326589023938957,0.2205873500946246
110,7,1.3190733478176342,0.27370456142280286,0.2634924189980554,-2.649320579514819,-0.4549293444038667,0.2208052173214594
111,7,1.3217315431855876,0.2719240535342222,0.25574793529638873,-2.6511771171745337,-0.4578133263626356,0.22155001138995234
112,7,1.324900877644924,0.26674183317799205,0.2501788560454803,-2.6522076296971955,-0.4589576932010322,0.2221264529089949
113,7,1.3270806007396945,0.2657146498013614,0.2420873779807946,-2.6542720376281017,-0.46201428341571193,0.22336024969667845
114,7,1.3306620166108227,0.2612836684651674,0.2356251541723089,-2.6568123494761404,-0.46347542241579687,0.2256904515667918
115,7,1.3330965230318723,0.2590930467117436,0.22874607342258257,-2.6588261188633293,-0.46679222289582434,0.22831331967141322
116,7,1.3361974368003027,0.25594252549335184,0.22247660551661075,-2.6620182480279806,-0.47025898750431594,0.22980593607045774
117,7,1.3398271068503673,0.2510645852176896,0.21705677497850373,-2.6641753098978667,-0.4722147370260661,0.2306382820054057
118,7,1.3421267828751566,0.2497994230323548,0.21026500033489515,-2.6666677124610354,-0.47679664316869164,0.23087606401333116
119,7,1.345858268314482,0.24502628525945758,0.2046759748172926,-2.6692540413025334,-0.47941936311356104,0.2346013770137939
120,7,1.3494455779647918,0.24030726419610526,0.1998609555235753,-2.6719137317536763,-0.48297820344874576,0.235725389102873
121,7,1.3523645899420087,0.23762452696365144,0.1937965183112258,-2.6750784823682543,-0.48682449494258595,0.2373695555457569
122,7,1.355301447685461,0.2337728688795382,0.1883727878901531,-2.6779222519600347,-0.48900699382127977,0.2402043918858775
123,7,1.3585008188214718,0.22977645415773895,0.18333126943818434,-2.6810515824828647,-0.49265532239796794,0.2439582936197856
124,7,1.361176014782384,0.22700160870110264,0.1775230947791444,-2.683528154096755,-0.495563833937263,0.2434244912993161
125,7,1.3637834170040481,0.22493094411437387,0.17083035769151533,-2.6863994581865667,-0.4983180285569724,0.24580853004534065
126,7,1.366601610411459,0.22044429714526004,0.16671181985154293,-2.6896617344506577,-0.5018797792345528,0.24856288385419512
127,7,1.3693057772704722,0.2168030981661795,0.16102696606427025,-2.692634247180389,-0.5036978364875988,0.2532003832688099
128,7,1.372095144925518,0.2135081005166748,0.15594188417402943,-2.697562670227386,-0.5074393298630071,0.2565366642276984
129,7,1.3748814324110625,0.21107360441905332,0.14950978965254458,-2.6998984476322327,-0.5096005059879931,0.25916515119600514
130,7,1.377226844224831,0.20738944518679814,0.1452154259882561,-2.7036284160816364,-0.5130679567140017,0.26426337306716263
131,7,1.3799912107407322,0.20358029783425535,0.1410062660113558,-2.7081190866040803,-0.5167082309709339,0.26782453164095044
132,7,1.3823211586284527,0.20018394448958077,0.13610927833003772,-2.7110072894499275,-0.5192289495236673,0.26957392173343375
133,7,1.3850067939185244,0.1966158057492715,0.1317789222164727,-2.715322072585985,-0.5233271144424598,0.27470827181346447
134,7,1.387710110416694,0.19232013322581376,0.12762077991948462,-2.718743181929316,-0.5257818274600663,0.2792979631291853
135,7,1.3895693157391635,0.19033301323229845,0.12264428979198794,-2.7227711886422172,-0.5295344648519589,0.2818288272896
136,7,1.39265743069836,0.18511286220547007,0.11942323515099074,-2.7282333047837968,-0.532750274429501,0.28808232087118046
137,7,1.3960103587694483,0.17975261611776117,0.11597718039018123,-2.7329757289063417,-0.5359225236280212,0.29444312575854215
138,7,1.3985080263350653,0.17680107893111785,0.11169471917638063,-2.7378397507714762,-0.5402130769490354,0.29778726336042327
139,7,1.4005602330007252,0.17501714834207416,0.10604315644733853,-2.742615628718509,-0.5431369193260942,0.3028167970459311
140,7,1.4038590804246316,0.16956732245855366,0.10343320140429979,-2.748028080238874,-0.5472847883426739,0.3077532462865631
141,7,1.4070507228073115,0.1643363750464164,0.10022452531739767,-2.753598051070341,-0.5506088795332962,0.3135144373146044
142,7,1.4095508349287451,0.16142933818565752,0.09595348819619676,-2.7592067451070976,-0.5550140319658483,0.3198600620722144
143,7,1.4123663283979728,0.15697605731399555,0.09292586856639118,-2.7655148145163224,-0.559422919080184,0.32565611617805146
144,7,1.4153284895295755,0.1524416105767441,0.08957325993670895,-2.7715141319240857,-0.562910490449245,0.3322477065598223
145,7,1.4189144815116475,0.14603643611378114,0.0881623061850152,-2.776572358890707,-0.5678656383484153,0.3354008203944224
146,7,1.42198671643474,0.14151125009821963,0.08453288464765163,-2.7810810007906435,-0.5711643151505952,0.3402657776146458
147,7,1.4250639936585363,0.13693742500942552,0.08169414858131141,-2.78865412024504,-0.5758917414686333,0.34751979138959954
148,7,1.428636954831489,0.13027456126023895,0.08014215236670341,-2.7941394004102307,-0.5799218820409466,0.3506698063780742
149,7,1.4314055793095153,0.1250604638684485,0.07776600786504884,-2.8013704851547194,-0.5835364063888562,0.3608580378879537
150,7,1.4343098933452203,0.11949396766040765,0.07620383625413374,-2.8070601261906747,-0.5883858746374111,0.3633108172808157
151,7,1.4373813192213583,0.11408378020316445,0.07343071448068406,-2.811940177809809,-0.5915239143001838,0.3674450361039291
152,7,1.4403260049513313,0.10936055083872165,0.07115303824878483,-2.818810865468718,-0.5967219624981368,0.3739532722015403
153,7,1.4430493484354023,0.10489010391443587,0.06822692132327735,-2.8250502789977547,-0.6005481228242269,0.3780042288796084
154,7,1.4457480878343354,0.10021003495945235,0.06567171640854386,-2.8315580480061375,-0.6046017995279711,0.38364456464914565
155,7,1.4482344904351196,0.0958442417903762,0.06363562659694066,-2.838476999861934,-0.6095340545205529,0.388449989454005
156,7,1.4507764730782788,0.0911976300515267,0.060989566899201764,-2.843326627752263,-0.613032908746799,0.3904243025055478
157,7,1.4531058504304466,0.08761989182161356,0.05818351216184081,-2.849007345573228,-0.6182046359042526,0.39305409847976736
158,7,1.4559099544068534,0.08273856000298263,0.05547634865427509,-2.855554664926275,-0.6219280147842999,0.39918234995375046
159,7,1.4580635259537802,0.0795874589233263,0.05220158095567662,-2.861586482678399,-0.6265305068162669,0.4010788506729259
160,7,1.4596101474673586,0.0780571496813367,0.04813867160831853,-2.8674832247275965,-0.6313700477477668,0.4058538357730569
161,7,1.4617724875750684,0.07415425766503847,0.045285208261008014,-2.8730150690836487,-0.6350820572489899,0.40825898802386984
162,7,1.4641938528111118,0.07029315964805183,0.042763854966560544,-2.8797482276062962,-0.6402454959166032,0.41286971790695637
163,7,1.4666449639962515,0.06664225651875899,0.03942332153600381,-2.8828773822372558,-0.6439810261481408,0.41437330301376696
164,7,1.468247988674524,0.06493136153359691,0.03550789449913472,-2.8875582874360495,-0.6487690611644507,0.41431103113210543
165,7,1.4697123066168305,0.06267663730755046,0.03205157770148226,-2.8920412244706473,-0.6531360591864236,0.41706911011330117
166,7,1.4716301490351615,0.05977513545424906,0.0285849990997622,-2.896385326273577,-0.657216062017061,0.42033760748488846
167,7,1.4737036193178707,0.05716049379413146,0.025304057408598757,-2.8996639041876486,-0.6624907998627791,0.41860907207057596
168,7,1.4758967036354471,0.05352835853200988,0.022538882705491092,-2.9020773335940757,-0.6668106006259142,0.4191443717540555
169,7,1.4777593832106655,0.05143430443014596,0.01868866628709487,-2.9065566500324866,-0.671193153393278,0.4218176842602598
170,7,1.4791813908129885,0.05104548157295863,0.013750968987007672,-2.910804159268683,-0.6758310319276717,0.42385997114988416
171,7,1.480531920137446,0.049635954119510606,0.009625076904459906,-2.91394436776263,-0.6805018411733177,0.4261780337925779
172,7,1.4819508253968485,0.04787355917824998,0.005957301838579898,-2.916690807459474,-0.6849767123265735,0.42719777847509655
173,7,1.4835607238579662,0.04556218244800059,0.0027990860588031907,-2.9194069119181547,-0.6898839745221238,0.4278833617278469
174,7,1.485319330230966,0.043696529823376684,-0.0009450211649499884,-2.922327087276411,-0.6946994332311995,0.43026807538774925
175,7,1.4872748370867104,0.040717927765536066,-0.003592499713775732,-2.9261106785217272,-0.7001838733315462,0.434757846043902
176,7,1.4887603822832285,0.0385987467309401,-0.00717232338007423,-2.927700681572788,-0.7046866368960873,0.4354024664801428
177,7,1.4900006044395997,0.037445235829069556,-0.011125470386429637,-2.929572954389166,-0.7097476517323599,0.4365728547083829
178,7,1.4909855329328272,0.03710373427072722,-0.015412338472598819,-2.932149556444087,-0.7155192923745289,0.4389893240814401
179,7,1.4923390593657628,0.03518166916444043,-0.0187793980520643,-2.9339700400094184,-0.7205579488740915,0.44042103940302435
180,7,1.4940130705096402,0.03245250971789382,-0.02143227259937741,-2.937946479807758,-0.725874135865882,0.4446248146455767
181,7,1.4960514472988362,0.02850759480724574,-0.023275747674938785,-2.9398855024009354,-0.7317018036340134,0.44572689664519916
182,7,1.498105735985042,0.02464787916939648,-0.0255830085096469,-2.9418233401050555,-0.7366764984975206,0.44917198675227654
183,7,1.4994378043050243,0.0224142234317537,-0.02855986270388433,-2.9444272484002707,-0.7417423530331558,0.45201938142237297
184,7,1.5007140331062654,0.021056517657169316,-0.0326834452653566,-2.946180091359466,-0.746383258817602,0.4549043513135469
185,7,1.5018339702746804,0.02051104570065787,-0.03737448189055659,-2.946612438451136,-0.7511900237404675,0.4550574018785649
186,7,1.5032181877184394,0.019671801576283787,-0.041728176338189815,-2.9485648500255213,-0.7561969008564013,0.4558049811039535
187,7,1.5044800321291683,0.019559640818245905,-0.04706713706636312,-2.949319996612546,-0.7606715170896478,0.45571721100007
188,7,1.505836865226953,0.01828482385223973,-0.05080245027938113,-2.951136474962638,-0.7654218870474682,0.4587863974920168
189,7,1.507847597888174,0.015059328708518338,-0.053284514881940304,-2.9526925841111464,-0.7697193629084687,0.46051873122022946
190,7,1.5091535602112267,0.01453462328977606,-0.05797879487722324,-2.9549446548974787,-0.7734445491409866,0.4638874787111473
191,7,1.5105303075051968,0.013420262974616959,-0.06206520298891083,-2.956048058234275,-0.7771647855554696,0.46585951994008434
192,7,1.5117606855656638,0.01352271513147385,-0.06700195480635163,-2.9565862064093977,-0.7809816309242994,0.4657086667972101
193,7,1.5132913153191885,0.012730376571415958,-0.07170122132309897,-2.957993653862358,-0.7837094673243279,0.46670045956867634
194,7,1.514535004830508,0.0115654816416495,-0.0754775022648484,-2.959263416009599,-0.7867871790935698,0.46751225641080074
195,7,1.5158597029903873,0.009556102809927802,-0.07846020658384889,-2.960813475012836,-0.7894212654191886,0.46804530200856775
196,7,1.51755036184195,0.007401599249945878,-0.08168227257793137,-2.9629044900801036,-0.7916382009483437,0.46976482216799575
197,7,1.5190945775380897,0.004570438145687472,-0.08377863098972149,-2.963797811849058,-0.7943652443876874,0.47126312648899904
198,7,1.5202374879810268,0.0029240310249865065,-0.08649447440128988,-2.963631191432892,-0.7962135550186638,0.47059255754181173
199,7,1.5212891039463512,0.001695780909920952,-0.08956738137685738,-2.9632679722987643,-0.7985231791797409,0.47048145511008066
200,7,1.5226492299585526,-0.00016522832920262687,-0.09195162527249923,-2.9634875707485726,-0.800397735839129,0.4692709950923868
201,7,1.5234962855611844,-0.0004837204016692187,-0.09543406172820945,-2.962347671383931,-0.802373131193255,0.46718490007015334
202,7,1.5242886497986812,-0.0008429885860186115,-0.09866903433748409,-2.9639848027079996,-0.8036670639277667,0.4677593697106841
203,7,1.5248087968077304,-0.0007445353920254583,-0.10212340889520521,-2.9645014134135925,-0.8051221980975546,0.46768988875333717
204,7,1.5253925404475002,-0.0008148496388697968,-0.10526690041591946,-2.9641481433189525,-0.8061401031744253,0.467055626325626
205,7,1.525859026084109,-0.0008897779803949124,-0.10799898899195304,-2.963947212818969,-0.807652438061606,0.46543553325911824
206,7,1.526112948933636,-0.0006648878560300275,-0.11054968466360116,-2.9639191106675984,-0.8091461011114595,0.4641618028331549
207,7,1.526561901055096,-0.0012694806554227611,-0.11272927332926574,-2.9637166274938886,-0.8097486072058515,0.46333241422479543
208,7,1.5269983846746131,-0.0014973991740243608,-0.1147015101410287,-2.9642272060841277,-0.8110641531052089,0.4627451606454904
209,7,1.5272959495816465,-0.0018505635218002414,-0.11603623909158989,-2.96335383307442,-0.8127162924318602,0.4597085686661859
210,7,1.5273920357046213,-0.0019477755978154487,-0.1173956630481785,-2.9632469184638017,-0.813919507379265,0.4574701674113484
211,7,1.5269486714540652,-0.0009233974083528995,-0.1189387584818411,-2.963804874000665,-0.8155077344137186,0.45631598327883505
212,7,1.5267358549790906,-0.0004693762487091302,-0.12006372146242472,-2.964616582784936,-0.8170025995325944,0.45659912021969595
213,7,1.526678965887754,-0.00039199724917948764,-0.12071505406421146,-2.966418540966366,-0.8185044422075995,0.4569560885478723
214,7,1.5263037438889042,-8.349770866922235e-05,-0.12132511817991376,-2.966941379809466,-0.819522648032664,0.4566663153912578
215,7,1.5260607604159813,0.0002576932466809012,-0.12198351722594158,-2.967472943588798,-0.8204513106957271,0.45706602911101113
216,7,1.5254273084498955,0.0011112960794594784,-0.12226592310990858,-2.968763787898779,-0.821863377462451,0.4573154788734832
217,7,1.5250860828444592,0.0010193448983757403,-0.12185317664455031,-2.968775333734838,-0.8231266887878943,0.45642756964665643
218,7,1.5240471905225337,0.002791068691278875,-0.12252458213282513,-2.970065465622373,-0.8241996862324281,0.4571316985423419
219,7,1.523260214134243,0.004176532760578722,-0.12259768718777009,-2.97056004832598,-0.8256281373993093,0.45731174090329674
220,7,1.5226033967523354,0.005207486249113158,-0.122528529901476,-2.970876765738776,-0.8266773257579406,0.4566459328667023
221,7,1.521868303702811,0.006288675660929277,-0.12207778245613898,-2.9712720354909288,-0.827970434055345,0.45627487079532525
222,7,1.520873232712892,0.007848302055302403,-0.12168127115449967,-2.9720072650514036,-0.8293359777242835,0.4559685457045981
223,7,1.5201324414409443,0.00858971591309965,-0.12052492786534463,-2.9727626418960487,-0.8306349590340192,0.45589838622449186
224,7,1.5193436029848355,0.008719671664714657,-0.11877325306818043,-2.9735855175264065,-0.8315723829881269,0.45733977288832106
225,7,1.5187058572840775,0.008713061724890947,-0.11699383292723975,-2.9733987836342504,-0.8324715675054024,0.4564222922300605
226,7,1.518001594384553,0.008412955319879512,-0.11467129674858034,-2.9741405460885906,-0.8333882469254221,0.45655197467696085
227,7,1.5168060330489128,0.009822018285163159,-0.11356948023756264,-2.9744219604735633,-0.8341419535344968,0.4569274793832969
228,7,1.5158996728664624,0.0104823797607414,-0.11196991980563031,-2.974826510645923,-0.8348396402131956,0.45751301639405906
229,7,1.514936670081344,0.011174131277446708,-0.11015434518700884,-2.9753197996269973,-0.8354569226567483,0.45792658935401986
230,7,1.5136019905243727,0.012854613124661629,-0.10887872069693438,-2.9758832966939943,-0.8359747885683246,0.4582386732371617
231,7,1.512119446916315,0.014899124682902665,-0.10749984629780629,-2.9763127229579602,-0.8368434878394966,0.4578239807801019
232,7,1.5111616317733645,0.015205268704085562,-0.10516968456448517,-2.976744275652999,-0.8373303097225326,0.45862706076171333
233,7,1.5101254571721427,0.015748467609541406,-0.10296278490002764,-2.977150367585967,-0.8376768613443526,0.4587665600267352
234,7,1.508970221753728,0.016387222029380144,-0.10053592657095867,-2.9771564088923306,-0.8381536057109195,0.4595016492671071
235,7,1.5077731174855518,0.017761480837106047,-0.09901773927294366,-2.9767449983656338,-0.8382398947393318,0.45939318892722514
236,7,1.5066768126151835,0.018910727948249884,-0.09739942466418516,-2.976351322450789,-0.8380363573204894,0.4596916458955518
237,7,1.5055673490507315,0.019566257143973864,-0.0951620419534156,-2.9760495018451967,-0.8378754350294342,0.46022991989341033
238,7,1.5044748548171216,0.020419487735017228,-0.09303795977194906,-2.9757238708090537,-0.8378311424814654,0.4601723901518946
239,7,1.503407121717193,0.02116441545337211,-0.09107108880013115,-2.974622767975281,-0.8376880594292379,0.45878423560394954
240,7,1.5023496575581594,0.021306160203030666,-0.08864112246482825,-2.973704109807934,-0.83744305138726,0.45816399336849045
241,7,1.5014053873791406,0.021366319747145424,-0.08583804916374715,-2.9727359740701456,-0.8373837500806981,0.45706026209390305
242,7,1.500452196844276,0.021450517708816674,-0.08316058498451029,-2.972566162395565,-0.8372386731398225,0.4574437615853546
243,7,1.4997306366648726,0.02169498654975288,-0.08063186419519908,-2.9722918487299554,-0.8371152502802907,0.45722249551766936
244,7,1.498895412225409,0.021925577519600115,-0.07795283423132249,-2.971731951147416,-0.8370022944862661,0.4572586548119446
245,7,1.4982260829345242,0.02225952829400324,-0.07580725251154696,-2.969998730611695,-0.8366358846875573,0.4559782646625663
246,7,1.4973227077172961,0.02279401471278475,-0.07377529025154317,-2.9679346494593473,-0.836241363714377,0.4549977289327576
247,7,1.496700986394005,0.022753692852284457,-0.0711660233563467,-2.966892058811196,-0.8360485745989963,0.4533587202581628
248,7,1.4963160943274456,0.022409706296570686,-0.06834309296553642,-2.9654877050709807,-0.8359663979285566,0.44990596007427364
249,7,1.4957127518905156,0.022200701487873786,-0.06573105341123386,-2.964196292050262,-0.8353914465897961,0.44882312435397376
250,7,1.4952404352379505,0.02203751552953115,-0.06349393694700489,-2.963929397932519,-0.8349485049436807,0.4499294288519198
251,7,1.494712379925788,0.022633972748494324,-0.06174980741639535,-2.9634169735983136,-0.8346792275954856,0.45183184821642985
252,7,1.4944044009645185,0.02274609949956563,-0.059845808896875186,-2.9611784986618823,-0.8341397598373376,0.45045918567423904
253,7,1.4939740409641973,0.02274169343585264,-0.05768112553230487,-2.958271437544761,-0.8333931644764042,0.4464016286955008
254,7,1.493615428950383,0.02271446579447023,-0.055874656078206186,-2.9563398296086314,-0.8322814595037284,0.44379269999425675
255,7,1.4934875504731626,0.02204647596478293,-0.05357849417922478,-2.952249660032563,-0.8313908341322273,0.4383219714477269
256,7,1.4931333240819005,0.02177041924844425,-0.05132368947907251,-2.952753680778522,-0.8307815691978685,0.4412287175511507
257,7,1.4928051808766516,0.02120324219630043,-0.04861631558126467,-2.9534659897996214,-0.8304960211529692,0.4452638021570823
258,7,1.492218962206312,0.02171775958258193,-0.04695698759378497,-2.9527472474507457,-0.8298957209770914,0.44456607573641316
259,7,1.491962942291809,0.021286359657913367,-0.04494522479207852,-2.9516931516522416,-0.8289703517435458,0.4431816888988498
260,7,1.4917053756671033,0.02043624210685402,-0.0421597802463507,-2.950419278296185,-0.828324330594771,0.44147458846468646
261,7,1.4915409790861904,0.019189749276315338,-0.03916915894005446,-2.948552456147895,-0.8276118651443392,0.4398739418152291
262,7,1.4912507975728042,0.018547529299821397,-0.03662950626143768,-2.9468592829396227,-0.8270983912546342,0.43998557082889733
263,7,1.4913246057094958,0.01684048034453345,-0.03349498751118296,-2.9460635097452097,-0.8266090174098453,0.43973980803385504
264,7,1.4914881597451861,0.015778874075180083,-0.03134055435010308,-2.945961854445322,-0.8258014917834319,0.44008884325391184
265,7,1.4915425810390122,0.014729040609793298,-0.029305994148657755,-2.944680345772344,-0.8248157214161086,0.4398053830526769
266,7,1.4916432500646868,0.01376242347368839,-0.027350047099021113,-2.9433870747611324,-0.8237268672153714,0.4401923299974517
267,7,1.4916718400872226,0.01313919697999233,-0.025455677551485367,-2.9416893504508144,-0.8230363372911572,0.43883280018508897
268,7,1.4918389628711224,0.012486820303662993,-0.0235671987752053,-2.941630603070357,-0.8223930773092392,0.44014165010258854
269,7,1.4921132487325104,0.01125402746674764,-0.021283091966712187,-2.9402307864629167,-0.8218149124922913,0.4375641797504426
270,7,1.4921182658630807,0.010529390593889909,-0.019314505107041358,-2.939920174156497,-0.8212213127616097,0.43634393107783453
271,7,1.492304473761493,0.009654617758453776,-0.01765674135285389,-2.9394682165277586,-0.8203704888937369,0.4371231901533472
272,7,1.4923946075345782,0.008427026509183033,-0.015547265605728278,-2.939726856663513,-0.819561458433234,0.43924090044357533
273,7,1.4922887428267522,0.008147391232459444,-0.014095637812860273,-2.939350392140696,-0.8188599540163285,0.4399993270376792
274,7,1.492493234203599,0.007411121218297678,-0.012549489067518849,-2.9390427062320486,-0.818336905580193,0.44172499613189165
275,7,1.4926950394903231,0.006460456687076732,-0.010881728820148817,-2.9366366165332334,-0.8177363276663854,0.4379623817666287
276,7,1.4926179026652537,0.006185614546020846,-0.009664646265791887,-2.935966832894009,-0.8170215432985811,0.435496352403959
277,7,1.4927640541998202,0.00532605326732094,-0.008211888999947181,-2.935113434565313,-0.8162357607428375,0.4349737483302272
278,7,1.492904870550136,0.0041401796605220476,-0.006551605399475635,-2.934493785222817,-0.8155321102929074,0.43507269800343407
279,7,1.4929627784697386,0.0028899072365891065,-0.004791274895493913,-2.934275487903235,-0.8147454950759436,0.4360193968361634
280,7,1.4927864859362499,0.0027279853877066884,-0.003791391464261551,-2.9341333322517444,-0.8142196732117798,0.43642195301579445
281,7,1.4929016852351507,0.0020519208180678206,-0.0026082492504666543,-2.933959560656505,-0.813514661868881,0.43744835612081334
282,7,1.4926959368397061,0.0021657682690043867,-0.0019387521677181052,-2.933049556008312,-0.8130056022418218,0.4355194490223915
283,7,1.492888448734223,0.0010794247488972175,-0.0005010625311749894,-2.933144479941517,-0.8124743051943447,0.43522784306704465
284,7,1.4927876544258207,0.000980740429517013,0.00013908027511866372,-2.9321603143296344,-0.8118423803905571,0.4333072709788861
285,7,1.493076487124034,0.0005376065082576265,0.0007131240656541582,-2.9317386225774866,-0.8112061761056033,0.4326613773455168
286,7,1.4928983644316238,0.00042894268724347207,0.0015036537184565102,-2.932455178105931,-0.810742945863922,0.4328424125691408
287,7,1.4929872614898887,-0.00016126355547307902,0.002413784929977014,-2.932776475344128,-0.8102803632445871,0.4330216720593181
288,7,1.493334930079878,-0.0012966654199386696,0.003830954161036848,-2.9338346231788224,-0.8099972633642901,0.43418969852202394
289,7,1.4931868452127608,-0.0016130522764616906,0.004622126995712517,-2.933081794677352,-0.8094938549450499,0.43376679640393667
290,7,1.4931291149912975,-0.002210239363126698,0.005605263104461633,-2.9329783009028194,-0.8090660795872177,0.43386403125132156
291,7,1.4931318648769085,-0.00302040779402879,0.0067221060697872925,-2.9321945387345933,-0.8085627969674419,0.4331431404686026
292,7,1.4933027149117437,-0.00406521757136824,0.007909649961083787,-2.932474077204704,-0.8081242596938548,0.43305208701714215
293,7,1.493587786168883,-0.004968966875711134,0.00854217257211265,-2.9327635372212018,-0.8073314946871019,0.4334921390664839
294,7,1.493445893393773,-0.005788334248700622,0.009605435115096483,-2.931695385062701,-0.8068846571250234,0.4303691502874518
295,7,1.4932218295304758,-0.005441856864167649,0.009773414040898487,-2.932274588828012,-0.8064969571122658,0.42931485631864574
296,7,1.493174700301253,-0.005941142615530692,0.01050166618317494,-2.9320939762011187,-0.806171179292446,0.4277320042904271
297,7,1.4933370349962032,-0.006507674087471216,0.011028502732784329,-2.932896903456804,-0.8058466028714565,0.4278139884719885
298,7,1.4932650955429327,-0.006640382470428641,0.011293659775097886,-2.9334992464069156,-0.805425608776736,0.42842213332533263
299,7,1.4930733016057975,-0.006747374498250691,0.011706623820915807,-2.934620304166294,-0.8051180136534115,0.42893236356419084
300,7,1.4930892207849331,-0.007294410102616,0.012344198014285768,-2.9346185576175667,-0.8048245257846582,0.4278783223848932
301,7,0.9418175319932748,0.8063095063180495,0.6941298465003982,-2.4584616518023115,-0.31908661090142676,0.10794014239467159
302,7,0.9427470223502882,0.8046071183702116,0.6951576863387525,-2.459215024254994,-0.3200289115361259,0.10728402238020043
303,7,0.9441131288941482,0.8024979210805636,0.696108000457351,-2.4599065460768132,-0.3208652782983785,0.10695843031938504
304,7,0.9450343510652491,0.8012491421067315,0.6965240799665544,-2.4602834617198184,-0.3212839467751105,0.10669162600720108
305,7,0.9459519056216905,0.800890005055471,0.6960176259016482,-2.460805861902571,-0.3217254894507824,0.10648109187772543
306,7,0.9467563599076905,0.7999244021843619,0.6961541304615,-2.4610540413788025,-0.3219589135806351,0.10596870362449257
307,7,0.9472890679970473,0.79914425315248,0.6963583685473578,-2.4612785618761404,-0.32217484344102854,0.10530303659004725
308,7,0.9480118754501092,0.7982210593918568,0.6964904492194646,-2.461318231309044,-0.3225336842092883,0.10405457968190981
309,7,0.9488167639934546,0.796655738539845,0.6971229481834034,-2.462268053493224,-0.3229009712576687,0.10470709891868155
310,7,0.9494561342483787,0.7957755876613868,0.6972767618069249,-2.462880387801811,-0.3233854019621094,0.10398604506779166
311,7,0.9500768101937321,0.7950175520910642,0.6972182417833461,-2.463417933070542,-0.3237518131926409,0.10412600611516538
312,7,0.9507071384423978,0.7942145473730396,0.6971262003631487,-2.4637924006806684,-0.32400691492029754,0.10389316676567122
313,7,0.9517005918254278,0.7928224509982242,0.6972146539263788,-2.4645325484058236,-0.32394682660190854,0.10412379746792952
314,7,0.9521633420851304,0.7923657411785795,0.6970147344974593,-2.464555798380453,-0.3239565364617496,0.1036334204332155
315,7,0.9526250401255045,0.792125346618116,0.6964745183154353,-2.4648515270363074,-0.32372428043707213,0.10384298478418377
316,7,0.9531062636219048,0.7918875315781664,0.6959605149220844,-2.4648070709356555,-0.3235430851913299,0.10356131008106118
317,7,0.953461793285759,0.7917412481013038,0.6956074686552403,-2.464633997982177,-0.3233722297608592,0.10274305190154619
318,7,0.9546020336657097,0.7903181820554763,0.6957530616409124,-2.4647199948871044,-0.3233550338714877,0.10235299078323903
319,7,0.9555297024120694,0.7894919404727044,0.6957198966844667,-2.465434599091841,-0.3237163779962109,0.10293081473636922
320,7,0.956227709366373,0.7878905978868763,0.6968728882673587,-2.4662215747674567,-0.3244203710707252,0.10264303217752457
321,7,0.9571727069404244,0.785779264898086,0.6982446536548872,-2.466848528490693,-0.3253121038503042,0.10293310706435785
322,7,0.9581237109799291,0.783932070134069,0.6994736918146653,-2.4675628057915526,-0.3263066666015524,0.10313576905493985
323,7,0.9591616452767784,0.7816813369290727,0.7008575223071412,-2.4679893858009594,-0.32696518841593125,0.10383750554118001
324,7,0.9602715401795502,0.7797054703770373,0.7017099001982909,-2.4678012383381507,-0.3272409750468186,0.10414127975923047
325,7,0.960980244412723,0.7779436311548708,0.7023569449836722,-2.4669333583752784,-0.3267814827705342,0.10419584159086837
326,7,0.9617230939396131,0.7766436361464517,0.7021066779997642,-2.4656546514660316,-0.32553806610986236,0.10466404717096137
327,7,0.9620285964437616,0.7766085791497155,0.700867418115495,-2.4643268755540246,-0.32357781939923225,0.10470868726974081
328,7,0.9623090826607797,0.7764027237711392,0.6997631557068571,-2.463270368453177,-0.32150570606362194,0.10444367565030846
329,7,0.9623404066957039,0.7766961895875054,0.6987315759156136,-2.463030600754813,-0.3200802094784603,0.10455966475833993
330,7,0.9620974535120829,0.7773635966421991,0.6975394509891526,-2.4634626763231933,-0.3191142217713532,0.10445692978389984
331,7,0.9620402519032801,0.7774220820441372,0.6968141282710922,-2.4637771499528114,-0.3184897310204873,0.1040956468379387
332,7,0.9618268228016035,0.7779467534587151,0.6958266434567282,-2.4635103257476336,-0.31828951370588854,0.10310269462357269
333,7,0.9618072384521522,0.7776468374688964,0.695529595470245,-2.4636411907345344,-0.31838559922090015,0.10300278341243052
334,7,0.9618500697401603,0.7774920106786279,0.6950049781138667,-2.46275893179432,-0.31840945798631193,0.10213185359704775
335,7,0.9617002311463353,0.7773905363726924,0.6946942771762761,-2.4617340074308918,-0.3185479411013241,0.10131445763946183
336,7,0.9616996028469077,0.7773242271594115,0.6944050970283975,-2.460625791506201,-0.3190128354675288,0.10112019108042519
337,7,0.9616665798317505,0.7768590792726362,0.6947319007002717,-2.4596731864765773,-0.3196065921999498,0.10066719584154787
338,7,0.9617553758566644,0.7762945040375424,0.6952641842198031,-2.4588227017122732,-0.32056650744275617,0.10081456528855255
339,7,0.9619932107095596,0.7754892322290537,0.6960675111090069,-2.4584587484080833,-0.32165692206705243,0.10104773681701659
340,7,0.9619066700698367,0.7749848770713179,0.6971322126644957,-2.4584773629202186,-0.3228957977948399,0.10128567061465976
341,7,0.9622006507173543,0.7738268324281307,0.6987054312444698,-2.459353055629769,-0.32427088233543166,0.10130876434595291
342,7,0.9621993228697677,0.7733424797149636,0.7000523663662459,-2.4605668226355855,-0.32582239452618866,0.10182093698440141
343,7,0.9621642103064851,0.7731473554806167,0.7011088036377395,-2.4616031267405405,-0.3271471551525478,0.1014205627247242
344,7,0.9621444412797661,0.7723223272884209,0.7026865287879926,-2.4630435794556775,-0.32788238942476244,0.10231407823732858
345,7,0.9621220790360384,0.7722419656553655,0.70329083466886,-2.463983719270034,-0.3278759709240018,0.10258635979024622
346,7,0.9621075501181315,0.7716882710410913,0.7038799797470527,-2.4640544036633405,-0.3268650034559113,0.10186683965311341
347,7,0.96186865195917,0.7716315122856788,0.70390476739142,-2.463865672644406,-0.3253428640494551,0.1017175393772834
348,7,0.961129135637702,0.7721553992879718,0.7036620441973906,-2.4642505082047688,-0.3235898285295806,0.1018850413454088
349,7,0.9602337947991555,0.7731083965537067,0.7027718499388611,-2.4639836896012075,-0.3215553810764482,0.10203832415658
350,7,0.9594912947105285,0.7738249171097802,0.7020202177195571,-2.464305581734581,-0.31987639062256656,0.10219900492291378
351,7,0.9583323597936074,0.7750145651517936,0.7011867664700688,-2.464745296162038,-0.31867775767228546,0.10262882212610151
352,7,0.9571720977960854,0.776526887214424,0.7001130904579511,-2.465036206076445,-0.31818049343110344,0.10118053576943459
353,7,0.9563730107753421,0.7772717228537187,0.6995492600466682,-2.4661088307819448,-0.3183794443439063,0.10092704591055349
354,7,0.9553833821582771,0.77868824997094,0.6985575291988924,-2.466679937094765,-0.31924767169792956,0.09923896828862017
355,7,0.9543645486183132,0.7798814564807379,0.6977931303726801,-2.4674109213162927,-0.32097314592913584,0.09755779079073912
356,7,0.9542363805766415,0.7799586782770228,0.6971521951002764,-2.4678070106458625,-0.32295381294270653,0.09511807337352433
357,7,0.9537985992887087,0.7804067392990873,0.6964826810237328,-2.468067054923938,-0.3249590818572714,0.09295474313816879
358,7,0.954029814933455,0.7801196413775879,0.6958943513788685,-2.4687410840290975,-0.3273905947146698,0.09208757278963417
359,7,0.9536657267598599,0.7805167423496399,0.6951966605292674,-2.469122428943538,-0.3300128661243602,0.0911049951178757
360,7,0.9536580750263157,0.7805966342791721,0.6944861349661833,-2.4694455432001097,-0.33300022295911047,0.08999555994762146
361,7,0.9532758245278384,0.7811261134715287,0.6936769801047151,-2.4691693199380564,-0.33639176449775077,0.08853043517665009
362,7,0.9533374062026143,0.781074025503175,0.6930388092338406,-2.469169400760331,-0.3397075494686219,0.0878444719225689
363,7,0.9529884174907417,0.781453084964856,0.6924830442916081,-2.4695115501788623,-0.34339942636957277,0.08685638679701814
364,7,0.9528427108954178,0.7815197283825117,0.6921180380963681,-2.470141752022414,-0.34724892988292533,0.08669726862356587
365,7,0.9528578606942515,0.7814147297740179,0.6915374866324628,-2.4705010532667417,-0.35093866277858865,0.0853864595813742
366,7,0.9529769297943848,0.7812028941307826,0.6909695363587733,-2.4713636008396977,-0.3546955478905267,0.08540717221484581
367,7,0.9530205942868296,0.7812061016355197,0.6899672636913652,-2.471693067604052,-0.35757847164099843,0.08565451503534088
368,7,0.9531234400822638,0.7809634593487119,0.6890665232703694,-2.47173156615444,-0.3598915869989372,0.08535594747472296
369,7,0.9531514590516506,0.781259394390933,0.6875237217454544,-2.471391957998553,-0.36180640584075885,0.08477665132935126
370,7,0.953353320304059,0.7811979781894349,0.6860993755797031,-2.471155413279948,-0.363072940398824,0.08509765495368657
371,7,0.9535346090842559,0.7813809441681742,0.6842829831000552,-2.471017797404922,-0.3638495059616531,0.08611333627078696
372,7,0.9538593909942172,0.7811245706000862,0.6823304655650584,-2.4708433728076864,-0.3635505557760772,0.08696389159771684
373,7,0.9542452669839916,0.7805988923506106,0.68074539933684,-2.4708892163216074,-0.36353711944877576,0.08728016462298929
374,7,0.9544617734010765,0.7807242032419548,0.6786121545341195,-2.471316128337554,-0.36315322856539023,0.08793951331543133
375,7,0.9554270972404537,0.779279633151855,0.6772066321478583,-2.4717010028251503,-0.363133862865455,0.08844927791085161
376,7,0.9561126172954816,0.7786626360902026,0.6750505861886926,-2.471705119389448,-0.3624180506444201,0.08778703457385018
377,7,0.9575290629351397,0.7770200375396629,0.6731252796647049,-2.4720675136173567,-0.3619148121144229,0.08751582025060825
378,7,0.9585933634629071,0.775798082631892,0.6711974906609346,-2.4723490346881065,-0.361487248510036,0.08709875533163791
379,7,0.9597617214514276,0.7744047533814207,0.6692936989304457,-2.47277058306215,-0.3609059922163955,0.08683965820543049
380,7,0.9608722350031949,0.7728394762786523,0.6678873390008198,-2.4732091070084827,-0.36078758584984794,0.08638247419921352
381,7,0.9622398435086508,0.7710340073306119,0.6664675407536063,-2.4733445280981723,-0.36076847092415365,0.08591753239651813
382,7,0.9637115311654837,0.768661762596151,0.6657552707944301,-2.4738065173418438,-0.36126889954855734,0.0859149889545777
383,7,0.9649429532112708,0.7666517949994913,0.6650962167624779,-2.474760726372963,-0.362015994918262,0.08608882660047826
384,7,0.9663687151903565,0.7646946032785994,0.6641263071141004,-2.4758254094469074,-0.36275430741497505,0.08713155464636115
385,7,0.9675464268118178,0.7631284116255973,0.6628126205144884,-2.4765793708398918,-0.363015078380871,0.08793380265708846
386,7,0.9683524843768985,0.762250904304242,0.6613547159572488,-2.477284370341742,-0.36386005369067487,0.08844212047061421
387,7,0.9694082366745446,0.7604169255923273,0.6606077626452396,-2.4787204338151927,-0.3650003327108613,0.08909212336436349
388,7,0.9709493901750693,0.7579593680016895,0.6595734830557056,-2.479330262262828,-0.3652157933425819,0.08974772428071424
389,7,0.9726523948768472,0.7555654312721151,0.6582590059294964,-2.4803135028314056,-0.36578887433396945,0.08942786805556352
390,7,0.9745478968095962,0.7519488601540831,0.6578206640182804,-2.4818616601456616,-0.36631045263552187,0.09038659562049293
391,7,0.9762719304189045,0.7488286853290995,0.6571564077294152,-2.4830152884134753,-0.36727752842141514,0.09023066802194815
392,7,0.9777818524969155,0.7463661699920672,0.6560451652364176,-2.4841690870748696,-0.36792997115889126,0.08989375482136254
393,7,0.9805311767122296,0.741084271513935,0.6568055119079887,-2.4846194855211268,-0.36912977201504127,0.0879491731534511
394,7,0.9820601089129167,0.7371923905164629,0.6572150447467688,-2.4850225825017693,-0.3696562057657582,0.0869098960474485
395,7,0.983330077449755,0.7344276319887274,0.6566997707649755,-2.4854785250663767,-0.36975145920949215,0.08705980428877816
396,7,0.9853269302374219,0.7308303719202693,0.6562243211413472,-2.485767332019575,-0.3693137580124226,0.08708665217060556
397,7,0.987192359480292,0.7277803565092069,0.6554138551748736,-2.486705851602473,-0.3689218785533943,0.08720906012672153
398,7,0.9892252881902509,0.7234935299331356,0.6557099250761689,-2.4876507105634613,-0.3684731686618099,0.08729411067118473
399,7,0.9913247121359942,0.719016673794043,0.6564735042019467,-2.4884826846443873,-0.36849599503704966,0.0864117694370607
400,7,0.992851492195059,0.7155604385707032,0.6563583646843201,-2.4902184474981603,-0.3678224334196718,0.08746752185551585
401,7,0.9947148984299836,0.7113533981480649,0.6567952008890949,-2.4914787514264742,-0.36770101345331563,0.08706804015372058
402,7,0.9961715940411836,0.7082321009465665,0.6566629928016687,-2.4930725562582867,-0.3675725020889593,0.08686722124286071
403,7,0.9982697175498839,0.7036670808070588,0.657177582821387,-2.4945402056718895,-0.3671426186662128,0.08698108637064271
404,7,1.0002420779875123,0.6994174380528706,0.6576137611118384,-2.496024421617167,-0.36738225101461963,0.08650092991697395
405,7,1.0029729420090083,0.6939597788315479,0.6584000317990786,-2.4968844856651273,-0.3672540380677536,0.08518789464758436
406,7,1.0047673336442737,0.6902703906637109,0.6581702849035056,-2.497997180435828,-0.36583897946676625,0.08530303676581133
407,7,1.0071526760878096,0.6862785167043675,0.6572379558401853,-2.498796688653597,-0.3642995670410467,0.08620450163126203
408,7,1.0087580888364378,0.6829414779579213,0.6565474717827697,-2.4987564589478093,-0.363440313820397,0.08559850095796559
409,7,1.010880542879714,0.6778436066782807,0.6571571001963143,-2.49985598085663,-0.36240404179036667,0.08542591946199365
410,7,1.0133047147505958,0.6730959069020197,0.656511644880454,-2.4999348454578714,-0.36014305936928515,0.08390358239829177
411,7,1.0157178329625731,0.6684390730174874,0.656026894935811,-2.500437438142608,-0.3588673146065453,0.08332722036456931
412,7,1.0175895464990872,0.6653093820439144,0.6545488236634063,-2.5018059664138677,-0.35798585978170916,0.08421301757478658
413,7,1.0195895203987126,0.6615245648784558,0.6531680717871127,-2.5023552509216183,-0.3567606554117113,0.08296871066573122
414,7,1.022328344369651,0.6558160950379539,0.6534947942135287,-2.5041938462225564,-0.35654069536662925,0.08412201430854332
415,7,1.0243917546507952,0.6513057142146603,0.6527674610979004,-2.504708649125916,-0.3549211205679854,0.08470638205105319
416,7,1.0269169152630937,0.6472572151858922,0.6514352399336449,-2.504907527479977,-0.3547094390661243,0.0832548871395753
417,7,1.0299638066743328,0.6414749062154095,0.6510301598161508,-2.5052568419363164,-0.35431409870530794,0.08432169609637644
418,7,1.0320785710862044,0.6377729105601853,0.6497730112548619,-2.505926462301636,-0.3542454763528742,0.08565759076781829
419,7,1.034367865431772,0.633552931433218,0.6483966383470334,-2.505764026587488,-0.3531834826939406,0.08556055566538506
420,7,1.0367474596721478,0.6293250996205555,0.6470398920267686,-2.50568219852276,-0.35281298776003345,0.08584753163457437
421,7,1.0386368797308443,0.6266776962074738,0.644862648860409,-2.50552608910301,-0.3537511497358672,0.08519914190408774
422,7,1.0408766527380848,0.6226351264060279,0.6436846548750184,-2.5067773425456217,-0.3538712053256585,0.08659963764038626
423,7,1.0436238359364807,0.6174234561488687,0.6427607361303298,-2.506369574635368,-0.35371142522758015,0.08573220859355093
424,7,1.0461002836665998,0.6133385794109656,0.6412372302782352,-2.506920463715551,-0.3546807532273597,0.08566152665629825
425,7,1.0489878184664856,0.6086932981097863,0.640461655844978,-2.5078697491084965,-0.3567547528464774,0.08590326882291993
426,7,1.0509512571052377,0.6051588075308285,0.6386858579690347,-2.50861723933558,-0.35737068196159427,0.08689656483417302
427,7,1.052668585761521,0.6019838975361966,0.6368129804837113,-2.508842966102201,-0.35767865991515624,0.08723068118553962
428,7,1.0551913027067557,0.597622092168193,0.635685098648801,-2.5091993580969474,-0.3591379345116328,0.08751040909954094
429,7,1.0576380162406263,0.5936629285380934,0.6337839619153858,-2.5096561538475908,-0.35991369323832156,0.08883974093698657
430,7,1.0599018481187898,0.5897824668641163,0.6314578155710358,-2.5092428955451016,-0.359338786941904,0.08978131564385058
431,7,1.062122435861521,0.5860635231748805,0.6287887485223664,-2.508922312987293,-0.35868426061943137,0.08964443966036997
432,7,1.06463782239668,0.581661915182101,0.626931541109774,-2.508564557059022,-0.3587833449193607,0.08906055942303473
433,7,1.0664748991182966,0.5791842617972818,0.6235177244571686,-2.5086440645203125,-0.3586424610353771,0.08962269526013453
434,7,1.0683111567772905,0.5764837459427894,0.6201172848350762,-2.5082903616856003,-0.3584739295015795,0.08957436738337546
435,7,1.0702994263293073,0.5739204169894361,0.6165724204767629,-2.508301217965761,-0.35852254339601797,0.09009659450672383
436,7,1.0728020491525267,0.5702913185056362,0.6141049416511555,-2.5100160436145047,-0.3599654268035657,0.09198384736410847
437,7,1.0756322234182718,0.5654071141730721,0.6124928512462327,-2.5099190871783836,-0.36093431089682837,0.09113050303063794
438,7,1.0781380822936533,0.5617588542563083,0.6101431326302642,-2.5104522363479576,-0.3622785881988877,0.09097526700669281
439,7,1.0802024951243958,0.558680856061929,0.6074813695780565,-2.511029062071442,-0.36268297301431174,0.09139172957566574
440,7,1.083039796144073,0.5533004697855088,0.6066739047285126,-2.5116604597632834,-0.3646838707127369,0.09167634108790751
441,7,1.0859187159557928,0.5488352039808777,0.6050344470123477,-2.5128381227024583,-0.3659730112272135,0.09224610707839187
442,7,1.0894987518013726,0.5434139594496201,0.6036936833348452,-2.5130618022080435,-0.367856783923445,0.09172063026110511
443,7,1.091866298594842,0.5401222226830353,0.6010761483304201,-2.5132594449990098,-0.3681274889824613,0.09142464855272608
444,7,1.094267672273704,0.536191477768643,0.5992019558274129,-2.5141587966768992,-0.369464775206658,0.09173065158454119
445,7,1.0977082891059735,0.5308249862193839,0.5982326193235352,-2.515638721662106,-0.3717311063482518,0.09214664601877764
446,7,1.1003853086024182,0.5256198078516297,0.5977035765733212,-2.5170523819046533,-0.3740275961460511,0.09218685200962884
447,7,1.103758198638465,0.5191827745360909,0.5976294100452972,-2.5178153889962394,-0.3754021628153221,0.09156039529933455
448,7,1.105688414745265,0.5166990522825388,0.5946159968531002,-2.518444103540437,-0.3768952539112327,0.09105379631975219
449,7,1.1095748841640396,0.5107244754871829,0.5933424554247801,-2.5197403654889814,-0.37810739541000626,0.0919107879179405
450,7,1.1135374084382825,0.5046986130321016,0.5919373642513368,-2.5218507885247443,-0.379677165297734,0.09375066185549208
451,7,1.116220118054366,0.5013401302075491,0.5888124069525413,-2.522624669061753,-0.38040158860113094,0.09456886213540716
452,7,1.1197020564015625,0.4952467531158904,0.587063625370676,-2.522034874391107,-0.38026395313010597,0.09474321097415142
453,7,1.1231312894064782,0.4897998009460367,0.5848773387719364,-2.5221935767576573,-0.37966621848234827,0.09532110618107653
454,7,1.1267538644153685,0.48451302360639503,0.5819077334586786,-2.522094821025613,-0.37923996380545044,0.09568352386887544
455,7,1.1292280716321936,0.48164305686248143,0.5780530533737516,-2.5223605219583565,-0.37938920023809275,0.09547526448456373
456,7,1.1329109538200735,0.4765747395950002,0.5749435320666305,-2.5229139649055927,-0.37906871238590867,0.09649215984934562
457,7,1.1371137628724046,0.47040057275954483,0.5724125663908173,-2.5233256415119865,-0.3788347527399851,0.09688708353258005
458,7,1.140473275744598,0.4652951340991902,0.5696933457219364,-2.5236048720091544,-0.37898892783572746,0.09663829974669202
459,7,1.1438863740282308,0.46220858177345114,0.5649645682428317,-2.524133377358252,-0.3795563728195017,0.0963376386593639
460,7,1.1485427778911517,0.45447861423372893,0.5633906189752165,-2.525003144866359,-0.3800349571506487,0.09760009120704849
461,7,1.1516714255586282,0.45045198567691713,0.5597060889611205,-2.525075457732251,-0.3799489204630022,0.09789222413572796
462,7,1.1552562250939173,0.44482075645421526,0.5567687400433279,-2.5252185458817955,-0.379928152072188,0.09890037464137191
463,7,1.1600665147063651,0.43873316627465053,0.5534624012573204,-2.5259111577221343,-0.3800632989112893,0.10036471820785603
464,7,1.1638626564013606,0.432576763214346,0.5511709490085901,-2.5268608541307334,-0.38102203830290216,0.10147948291795966
465,7,1.1680289540469169,0.4264045942735315,0.5483994472833331,-2.527418391487824,-0.3810564663947118,0.1023767580412468
466,7,1.1719065666378672,0.4203245479462765,0.5456757910344339,-2.5280924979128208,-0.38169122264647637,0.10297230096367865
467,7,1.1748912568173189,0.41690685693483376,0.5409364547577618,-2.528362332402427,-0.3813600355356215,0.1036216005172555
468,7,1.1788385149085185,0.41138914709993224,0.5376488419606922,-2.5290400268804265,-0.38204104627522883,0.10387923656888826
469,7,1.1828441014003186,0.4051647684654256,0.5345309813151355,-2.5298480452795507,-0.38241016069694234,0.1039240533594451
470,7,1.1856927800045944,0.4023519998299976,0.5292559788641649,-2.531212717705996,-0.38262228398301423,0.10481653152849829
471,7,1.189985570435378,0.3950487740699451,0.5267912913246342,-2.5317084221516413,-0.3830117618665043,0.10492261403712494
472,7,1.1934697769573228,0.3911038992161766,0.5218467120275749,-2.532386388253941,-0.3834467500338885,0.10481029297693972
473,7,1.1971323294913,0.3850007969082352,0.518446000156495,-2.5330849529338755,-0.38376050276061413,0.10609676667773749
474,7,1.2012062417128553,0.37974500139295486,0.5135412495131118,-2.5339574143282033,-0.3834386955494482,0.10735893409671865
475,7,1.2051119342793086,0.37498447737356333,0.5082844329482534,-2.5343527798394136,-0.3835078710225106,0.10805292074079242
476,7,1.209545458614809,0.36878105933295857,0.5045083362148783,-2.5351685279122487,-0.3846550140541858,0.10841921953779243
477,7,1.213903048164981,0.3627088870786712,0.5007745242448205,-2.535624738578198,-0.38590930004631163,0.10871860426080177
478,7,1.2178154150927598,0.3582792554713754,0.4951618687614081,-2.5353658799720242,-0.38611045680216427,0.10867256805631942
479,7,1.2223860219768494,0.3522163650214323,0.49056658287189125,-2.536154251812943,-0.38690464510437006,0.10911854074085425
480,7,1.226771848541147,0.3463531471725725,0.48624050022856036,-2.5369435725906313,-0.38816885946886215,0.1089356378546188
481,7,1.2304999286687526,0.34232205658615933,0.4807980087805077,-2.5379645612483825,-0.38892748687262646,0.10909805496882452
482,7,1.2347612670627217,0.33700322146401684,0.47574418767993754,-2.53882296048555,-0.3898161921548473,0.10973641606037587
483,7,1.23810320003268,0.33286886539847593,0.4698569048544008,-2.5396673511982772,-0.39009386057536677,0.11100750561976241
484,7,1.241599511470852,0.3282446511532624,0.464518761333911,-2.5404014704390137,-0.39103099942697184,0.1119837994082934
485,7,1.2446871625386366,0.32655456418740614,0.45586277981310386,-2.5400294194859043,-0.3904877412317098,0.11199865210185872
486,7,1.2482112109444772,0.32209627559862697,0.44970522446647987,-2.5403709135845656,-0.3904063921961116,0.11284442461286504
487,7,1.2511145808892665,0.31904301488114317,0.44223398570910377,-2.5402508604632548,-0.3906125446962614,0.11387742426526493
488,7,1.2534904017709498,0.3176784697441961,0.4331519645652393,-2.5395999550340385,-0.38910659106247847,0.11569105765106091
489,7,1.2565360730107586,0.31464171557873644,0.4252147177474095,-2.5386391526780896,-0.38778643232234544,0.11566981344145305
490,7,1.2591749263405037,0.312740145620904,0.4165745033481625,-2.5379512511138627,-0.3882588154483273,0.11607288952915862
491,7,1.2617461100102876,0.3109047950006618,0.4075342066974128,-2.538158123430904,-0.3879657320229126,0.11692137816308856
492,7,1.2641324605065103,0.3100275572710951,0.39848595940339515,-2.5383020982451447,-0.3887695585078865,0.11786110656854237
493,7,1.2674173036836551,0.305678431764665,0.3923056653618333,-2.5391268657692674,-0.3901568260945365,0.1189911590570924
494,7,1.2699863695223177,0.3049538877502871,0.3828989368188287,-2.5393945106969946,-0.3908487726029306,0.1190866402443278
495,7,1.2727758473166435,0.3038251658799602,0.37373056842520036,-2.5401275571778594,-0.3916637474453408,0.11996985212722622
496,7,1.2758993615918215,0.2987437268550064,0.3691053871590093,-2.5416240975732545,-0.3944015502662175,0.12095267647858388
497,7,1.2788507571701033,0.29696705744240126,0.3609370562523042,-2.5427089743937863,-0.3968972616599771,0.12252986441283442
498,7,1.2823172949320731,0.2940820060643867,0.3529223559265051,-2.5428917261542594,-0.39870838305333467,0.12335553324976622
499,7,1.2847457763026653,0.2915895089897427,0.3461101510032505,-2.5437478452434834,-0.4016870625254674,0.1238092058539581
500,7,1.2880832119839076,0.28817719030321554,0.33963889404506675,-2.5445013965273002,-0.4048675701074669,0.12213155226231209
501,7,1.2913624626140763,0.28466396889911016,0.33254322869283404,-2.5457009328395674,-0.40677691999144283,0.12378050664446183
502,7,1.2938860213739634,0.28322132703854175,0.3245085214101109,-2.547305883546791,-0.4096915489599866,0.12545363385813746
503,7,1.297251508560364,0.2791694028289595,0.3185040791027469,-2.548267789218098,-0.41262448729605095,0.12512722597933235
504,7,1.3006596662238923,0.27560703271386,0.31155467626041844,-2.5491436661444453,-0.41436444383927085,0.1254656889596315
505,7,1.3030899230693787,0.274563434221915,0.3030612113941955,-2.549652790494645,-0.4163843451452536,0.1250211042183339
506,7,1.3055918125513408,0.2710040089012715,0.29705803700804356,-2.5512156987422667,-0.4190303524509076,0.12726315523168763
507,7,1.3081902835276218,0.2691617399421078,0.28917727774398116,-2.55187887004589,-0.420540692030281,0.12587324635678765
508,7,1.311361324035259,0.2676751764831591,0.2805988618492481,-2.5524379820309724,-0.42283196258555655,0.12421969158360668
509,7,1.3140078151285413,0.264241736651468,0.27427145351691484,-2.5538659181682277,-0.4251480282214579,0.12628757778893618
510,7,1.3167633230121296,0.26158410082160843,0.2664995292414729,-2.553990825360822,-0.4260487511565909,0.12636903629626695
511,7,1.3192244859787352,0.26051610021027427,0.25884478978305836,-2.5558017206282537,-0.42931865815158576,0.12700837601739523
512,7,1.3227540005607534,0.2566864225542933,0.25203674048305835,-2.55596406988307,-0.43109486839362576,0.1266742838920316
513,7,1.3249174037935325,0.2553960086029543,0.24350262161587777,-2.55733798851451,-0.4321630418421607,0.12943985952857018
514,7,1.3273819169089731,0.25301390966595116,0.23677440563559626,-2.55873364968926,-0.4350894447878031,0.12812411527338863
515,7,1.3302902593707044,0.250710930022799,0.22957335341729368,-2.559655901472026,-0.4375197410417957,0.12817177728377627
516,7,1.333066703821001,0.2483483596783833,0.2216969736498875,-2.5601597473107534,-0.4383409903164872,0.12959439555206553
517,7,1.335153089750136,0.2471745763869011,0.21412254519983365,-2.561996892784916,-0.44082059384584005,0.1318518725549045
518,7,1.3379997943384458,0.2440189400630579,0.20776309803201154,-2.562421873120111,-0.4430950539090026,0.13036168513825375
519,7,1.34096845505066,0.24194123252023214,0.20027103376422617,-2.5637098135712098,-0.4448476892692217,0.13055864753611957
520,7,1.3433261937336318,0.24042159100417804,0.19301874279377462,-2.563941804734984,-0.4478174718257475,0.12847523118839366
521,7,1.345513769122442,0.23869627245988378,0.1855781202874427,-2.5642249585999806,-0.44987304176696785,0.12846096102311844
522,7,1.347776568942632,0.23768292948875702,0.17750369793009968,-2.565764823469219,-0.4516407679220178,0.12980413144869873
523,7,1.3509139658141587,0.2346861764899415,0.1712885477669539,-2.567543812071854,-0.45511191423675257,0.13135715062619557
524,7,1.3536491800716972,0.2321086558062615,0.1642398152124156,-2.569284921700139,-0.45661333571706364,0.1323573916971259
525,7,1.355933879320359,0.23126976686076905,0.1560278400916444,-2.571119467725757,-0.4585833979858265,0.13421730694012357
526,7,1.3581951825945784,0.22914897602848971,0.1494543048848298,-2.5721611851795716,-0.46106638121375165,0.1346454434790555
527,7,1.360760895566578,0.2276177464871849,0.14214164703098042,-2.573962520244693,-0.4632818452654315,0.1371147048506589
528,7,1.3637377117360887,0.22443819250343022,0.13565765556011344,-2.5751848280298053,-0.46525447116330954,0.13613278780903226
529,7,1.3662047129949357,0.22198332298850665,0.12934828096787632,-2.5762366777911208,-0.46824105197221666,0.13722260228367578
530,7,1.3680973557904252,0.22121189173482425,0.12153692937556237,-2.576915592491233,-0.4702650850212837,0.13764735517123372
531,7,1.3704253981129326,0.2200361974548013,0.1140717851919475,-2.579041142199336,-0.4728781338226362,0.13997491280268692
532,7,1.3737884099012503,0.21654002579274811,0.10817601239574492,-2.5816448874856723,-0.4761372330786158,0.14043285670744232
533,7,1.3765154034640315,0.21347368172804915,0.10182719296604548,-2.5840721269803453,-0.4785163911351129,0.14456969271970832
534,7,1.3783574564715517,0.21356820053976544,0.09333154755068551,-2.585728931406453,-0.48100765385673716,0.14739535163376638
535,7,1.3807711730530476,0.2117209737176564,0.08659605755251931,-2.5866522794235407,-0.48410369321747915,0.14736460948400587
536,7,1.3835913830073405,0.20857264857474123,0.08064751819201321,-2.58743725280653,-0.4870186395203744,0.14559067257471558
537,7,1.385964896141452,0.20653191840416274,0.07384675888515746,-2.588770196622068,-0.4899728989377512,0.14671804985744008
538,7,1.3880840700822847,0.20532626381202057,0.0662938464410796,-2.5897630426424536,-0.49240458437509993,0.1480820027675307
539,7,1.3900540652947966,0.20346940617870324,0.05990980840284332,-2.593232608010341,-0.4950196928413464,0.15212244476608316
540,7,1.3931058378551364,0.20066880853440439,0.05379638567270839,-2.5964443168402527,-0.49861872714337485,0.15516294188129853
541,7,1.3953616598854,0.19919729110419948,0.04654621005540083,-2.597013416604298,-0.5015001902133795,0.1544007120810561
542,7,1.3981303339378957,0.19653729805772224,0.04006660670628248,-2.598618500003691,-0.5044137006921343,0.15669151062374043
543,7,1.4005350909034169,0.1940229388252217,0.03395828835338466,-2.6004108692351218,-0.5079721063258495,0.15817962137264352
544,7,1.4029871112067538,0.19241213029892945,0.026837902239910782,-2.6034729086957573,-0.5111627065969062,0.1596563812812224
545,7,1.4051871372469769,0.1906658837252213,0.020666515639457428,-2.6062562133151177,-0.5154091410378618,0.16398557470318953
546,7,1.4078106338605456,0.18801090647953034,0.014827080524472125,-2.6081900061494787,-0.5194587044124914,0.16639196586948612
547,7,1.4100870654538802,0.18521009727973126,0.009300576154976259,-2.6105364285798505,-0.5232025837007885,0.16645713502702597
548,7,1.412817742943265,0.18265464700638856,0.003403413423522572,-2.6112983054830847,-0.5276368109837566,0.16565109940786815
549,7,1.4148292324174192,0.1810888093341365,-0.0025638899417395056,-2.614428755297852,-0.5321437079642106,0.17056994769391265
550,7,1.417290393914056,0.1782285152637335,-0.007626274751921347,-2.6174316353825766,-0.5369821916441735,0.17282911043556626
551,7,1.420307600295886,0.1741066839427161,-0.011366914763054181,-2.620643684161161,-0.5426901821015802,0.1727150196373448
552,7,1.4231110134345633,0.16992229069851517,-0.015520099242251284,-2.6231998795839018,-0.5472323630840394,0.17666797758553832
553,7,1.4247665584074867,0.16901055092749262,-0.021640170310804452,-2.6263453251886664,-0.5517640630340785,0.18026418832373903
554,7,1.4275193617256108,0.16534249585488703,-0.025719029030772278,-2.6299930871933017,-0.5572479771452812,0.18173513146335962
555,7,1.4300729236494807,0.16234884479895006,-0.03043175933915232,-2.632857366266823,-0.5623488669696336,0.1845081399286943
556,7,1.4324130681686575,0.15813056331362585,-0.033279830689369794,-2.637707982323142,-0.568064752185478,0.19200323874805902
557,7,1.4344585191412258,0.15484369786292018,-0.03656437305942695,-2.6408568779456,-0.574372717947905,0.19384677561810715
558,7,1.4367217497514706,0.15254257308328723,-0.04113689685957134,-2.644997805588128,-0.5800217621601282,0.19940346795048447
559,7,1.4390253921248068,0.15011276900218418,-0.0450796101582609,-2.6493467293351305,-0.5862480485704404,0.2051272739675074
560,7,1.4413790332300784,0.14754242842185028,-0.04904233916212708,-2.652986674632931,-0.5925321159166479,0.20887544446464779
561,7,1.4433420036086777,0.14426914002812685,-0.05189657038337114,-2.6568487848862565,-0.5987914618726363,0.21552978650594323
562,7,1.4452232007862693,0.14082445096633323,-0.05412541947978777,-2.6617815708378396,-0.6058054511364616,0.22158408072205493
563,7,1.447092017749149,0.13875386105040377,-0.05784305368462439,-2.6659737056808446,-0.6123510337672585,0.22848272955353244
564,7,1.448766803619736,0.13726131619251403,-0.06173677545072742,-2.668570746586436,-0.619093306812913,0.23044425015637193
565,7,1.4509603620894886,0.13397297446304068,-0.06458048911846181,-2.673939055135628,-0.6257426010896096,0.2370548728043208
566,7,1.452669384839235,0.13189809763814475,-0.06778043284862734,-2.6786069480954984,-0.6332656466269516,0.24482118879809334
567,7,1.4543655333856673,0.12989971459658234,-0.07081769885485123,-2.68242654257842,-0.6409161552062483,0.24522223158344458
568,7,1.4561309616130569,0.12700062023469272,-0.07315755545410263,-2.6886745093808644,-0.6481976375827979,0.2552382467423233
569,7,1.4572990620053126,0.12518308296676328,-0.07617674655905082,-2.692997111436144,-0.6554900013119841,0.25758568313819674
570,7,1.458741368442178,0.12293277237352584,-0.07856380297437293,-2.696871929992903,-0.6633094983078943,0.2595247621815132
571,7,1.4601446432827843,0.12174513636634332,-0.08200721877096795,-2.7031257862862152,-0.6709644246466498,0.2663385095941595
572,7,1.4616263683524284,0.11961188390354827,-0.08453900319938201,-2.709002633465215,-0.6789795796420282,0.2695789592123343
573,7,1.4629939670873173,0.11791568711658251,-0.08707762704585642,-2.713513462597778,-0.6872795721992129,0.2744918826152738
574,7,1.4645614480741262,0.11606535809725438,-0.0896702806221299,-2.7209959668949875,-0.69537492886011,0.28010344745861926
575,7,1.4659706323476343,0.1139983406577072,-0.0919854865461267,-2.7251082103929765,-0.7035442271909526,0.2801033221689061
576,7,1.4673764504769002,0.1126285203720947,-0.09476885140794944,-2.729734876899653,-0.7116955772977341,0.28350644654278934
577,7,1.46853428153427,0.1116161338870636,-0.0978527427484579,-2.733883916004776,-0.719676871212467,0.28622623457914786
578,7,1.4696093806879922,0.110916603783211,-0.10122347625335637,-2.737960789570744,-0.7274592106402601,0.2889621212975252
579,7,1.4706753908941628,0.1101047522574643,-0.10462682196041939,-2.7407553722522024,-0.734362240201408,0.2879080433644604
580,7,1.472196244960936,0.10805194275515007,-0.10726911752813573,-2.7448511502687296,-0.7412055097831584,0.2911079394887919
581,7,1.4736317254260003,0.10634816022655857,-0.10992869313764597,-2.748695925473501,-0.7479893418133544,0.2939946543212224
582,7,1.4747056485425232,0.10575717305652255,-0.1134927333364466,-2.751185302577513,-0.7543453534764099,0.29240067607861353
583,7,1.4762433243118773,0.10372858179414113,-0.11612148564103686,-2.755202427082499,-0.7604519420725611,0.29658596645027324
584,7,1.477758626464403,0.10228170037391004,-0.11954469928322209,-2.758593911365529,-0.765306119517845,0.2981559178114309
585,7,1.4791393499554326,0.1013919630414517,-0.12270178731331183,-2.7616807465414865,-0.7709538156836757,0.2972262921338733
586,7,1.4805253176147946,0.09996058713238254,-0.12583414731917708,-2.7648836477902035,-0.776102581325727,0.29785916055406236
587,7,1.482086275744004,0.0980317643900821,-0.12878553933094783,-2.76787296914143,-0.7804740081282092,0.30125149480890756
588,7,1.4837365614207592,0.09537962250385168,-0.13069999808622224,-2.770215650297688,-0.7851709319711555,0.30155776718402505
589,7,1.4854710939205888,0.09296644290001677,-0.13309687488549993,-2.7743505894954925,-0.7895290465297976,0.303651548544283
590,7,1.4871846024499777,0.09006907342518966,-0.13494896986316451,-2.77722408116748,-0.7938142009898685,0.3028317166771335
591,7,1.4890105233541073,0.08690251541961547,-0.1368348580683032,-2.7789752217725963,-0.7974897931789804,0.3039781529553609
592,7,1.4905210366580697,0.08512140080939323,-0.1399006907475755,-2.7817741795155344,-0.8009250829116942,0.30640237996048447
593,7,1.4925959784378193,0.08170256601953474,-0.14149558577709365,-2.785271641811081,-0.8048930619396909,0.30610429292621966
594,7,1.4949042859886088,0.07804969544152796,-0.14328965027185192,-2.788822241966523,-0.8082955932901827,0.30687028677582284
595,7,1.497194898255014,0.07418027996577337,-0.14500802446391448,-2.7911217083467332,-0.8115424339345123,0.30743089121852685
596,7,1.4992943014004154,0.07045882002293347,-0.1465212187546321,-2.795434855661148,-0.814619971009595,0.3134541155241062
597,7,1.501271198908808,0.06704852666612582,-0.1481449645226065,-2.7988580160665144,-0.8175597843611538,0.31531048363319236
598,7,1.503623324135371,0.06272996822460009,-0.14909300801950387,-2.8017510382024975,-0.821141698080995,0.31553160984652284
599,7,1.50608009108849,0.05873248513316853,-0.15088607840973522,-2.8036998483945568,-0.8233759431257875,0.31776006392855916
600,7,1.5082695013979437,0.055002416962621536,-0.15221889497053298,-2.8064601703700687,-0.8263450288047326,0.3191172822499375
601,7,1.5103072917309768,0.051469898364149724,-0.15306118657031664,-2.8106783529868595,-0.8302288006321754,0.32427244075895945
602,7,1.5130122637912216,0.04631654905909377,-0.15420262324306333,-2.813298750381386,-0.8318156668909175,0.32877158069873746
603,7,1.5154180229298906,0.0412454351909608,-0.15459625722314163,-2.815612526987422,-0.8343046879866647,0.33027489476271743
604,7,1.51777234112232,0.03694573881296104,-0.15497658148689086,-2.819646492933264,-0.8373612851579646,0.333350178638502
605,7,1.5195773876174026,0.033932557300909716,-0.15710982662476414,-2.821495721112284,-0.8390827208048487,0.33636468885405435
606,7,1.5222683643467767,0.02913201253705311,-0.15769133801027646,-2.8242037956062878,-0.841212587812406,0.34108501242003664
607,7,1.5244265411962887,0.02548863907962673,-0.15868913601840084,-2.8260567873218463,-0.8438175646863637,0.3433316787697749
608,7,1.5263091654454475,0.021673268271058754,-0.15901323342317486,-2.8277129594680437,-0.8464012132963866,0.3446744117887657
609,7,1.5285392367717827,0.017662738406322598,-0.160123263007798,-2.8287255897753774,-0.848065524685805,0.3460328216072128
610,7,1.5314661780087793,0.011433437504027033,-0.1592589122120649,-2.830131208450174,-0.8500960832888715,0.3476116620233136
611,7,1.5332876149169943,0.008198653605884454,-0.16008594173261792,-2.8310394438873865,-0.8525108366691763,0.3484558813884633
612,7,1.5343556797956404,0.007264182646044448,-0.16251739838363521,-2.8327939849531583,-0.8545875481247297,0.3495799644855233
613,7,1.5358667057206825,0.00607809615685917,-0.16531560292824055,-2.83366248444329,-0.8562707804019974,0.3491041584435466
614,7,1.5368189452182885,0.005067140716771279,-0.1671888098201446,-2.8343800269806207,-0.8587834653736218,0.34843916163626076
615,7,1.5379825131430374,0.0035506715851008064,-0.16912330503234085,-2.8341243854056395,-0.8602751900629111,0.34750118558458465
616,7,1.539115332593863,0.0018009604104745058,-0.1704961132118541,-2.8345714941146305,-0.8622062792288152,0.34654564877473937
617,7,1.5399743552089344,0.0005622714156843234,-0.17212518952073408,-2.835492819428279,-0.8639268946020402,0.346738209383314
618,7,1.5403512395924854,0.0004190857506101153,-0.1744417124003934,-2.8368712588381575,-0.8653937911538525,0.3471492858139049
619,7,1.5406128551325755,0.0004900302555796987,-0.1767806090392996,-2.8369435181298774,-0.8670176261446451,0.34596429179942323
620,7,1.5405145310891524,0.0010823276168103746,-0.1790737454365774,-2.8355704834330115,-0.8686018491784941,0.3426874539376181
621,7,1.540500157463994,0.0012518969241359645,-0.18095935984843248,-2.835162878963617,-0.8702092861425528,0.3410579516560852
622,7,1.5404042443676849,0.0012193317032946904,-0.18262431881914565,-2.8334665577913816,-0.8716675514760326,0.3373448395991092
623,7,1.5401978321530017,0.0014396350505747613,-0.18451877143337247,-2.8321992566537486,-0.8733126795239918,0.3353134663503152
624,7,1.5400522986535155,0.0013823912601620414,-0.18567520438521967,-2.832383873275198,-0.8752251765488996,0.33356491391539045
625,7,1.5395523493948295,0.00198484372872354,-0.18720671233203068,-2.8319618390781582,-0.8771599930179245,0.3336157377711513
626,7,1.539444683796433,0.0016018244975812834,-0.18789398927400236,-2.8321279397317536,-0.8791462454817704,0.33203278664218794
627,7,1.5392376416989844,0.0014234484321977714,-0.1885437657408222,-2.829126009504363,-0.8813578845087957,0.3267406204935328
628,7,1.5390025596418595,0.0012326186719004983,-0.18893297840509327,-2.8278012639842154,-0.8837684230360254,0.32169615322924683
629,7,1.538707655188072,0.0009633431801896464,-0.1891963330310633,-2.8271607636150655,-0.8860561679180434,0.3193362566978464
630,7,1.538380163193456,0.0009274740211238086,-0.18969642167521106,-2.828219782956955,-0.888202999454007,0.31931309358609106
631,7,1.5382884935429033,0.0003660381502130772,-0.18961824149285622,-2.827691987798938,-0.8903883400325109,0.31705717311539927
632,7,1.537908053414745,0.000125907630610822,-0.18957236758635543,-2.826791840734404,-0.8923966692145686,0.31534495685591324
633,7,1.5377107181778509,-0.0005335596013500421,-0.18929818656455955,-2.8261452345061393,-0.8941284332095519,0.31484703523057966
634,7,1.5372941068789328,-0.0008860682557285671,-0.189072539763244,-2.8253113682318904,-0.8955193117718259,0.3136273639919043
635,7,1.5370336884350295,-0.0018300152851591367,-0.18832661772519121,-2.825374104591793,-0.8967576581713601,0.3134628660196519
636,7,1.536854420756182,-0.0020600201474352264,-0.18836299906014808,-2.8250908457487283,-0.8977418758773632,0.31408941277892044
637,7,1.5365405201914055,-0.0022269206168141764,-0.18825421308730705,-2.826121666663287,-0.8983074672923154,0.315579857623842
638,7,1.536152978360301,-0.0023952883587110563,-0.18816929219505618,-2.8256667542072758,-0.8986906260301631,0.31584766631017014
639,7,1.5358976442529313,-0.002487727243389637,-0.1881303799379206,-2.8263371154376133,-0.8991443725855012,0.31686682640442476
640,7,1.5356900727998375,-0.002793880055507847,-0.18802735702055506,-2.8269765768749497,-0.8993608666931616,0.31882529511550994
641,7,1.5353279537286453,-0.0029421150684485475,-0.18781208088252987,-2.827062127709604,-0.8993952453628482,0.3197593725642567
642,7,1.535017008630429,-0.0031268152340746536,-0.18734439520999824,-2.828132474954598,-0.8996959286561317,0.32095412270748036
643,7,1.534794005862885,-0.003263851541187357,-0.187142267410626,-2.8289662989769924,-0.8996799645022138,0.3221235390049184
644,7,1.5346270487921407,-0.004029433802432036,-0.18595593288897727,-2.830598038662518,-0.8998938963960256,0.3240586463527888
645,7,1.5344403079437332,-0.004437491235212088,-0.1853351580222875,-2.8310946956970806,-0.8997024817474488,0.32536082300569213
646,7,1.5342553746358767,-0.004964612618285402,-0.18474681251205793,-2.8310718550554936,-0.8992365355435392,0.32527389733686407
647,7,1.534215161548978,-0.005820883544520816,-0.1836232507637321,-2.8314078822923077,-0.8990949535777906,0.32506144573136586
648,7,1.5339429352100689,-0.006465232252315989,-0.18254579943395233,-2.8317254577719737,-0.8987515563287204,0.32606313255581143
649,7,1.5337048955759434,-0.007014299560760051,-0.18166489101980043,-2.831645987201801,-0.8984445041676113,0.3264148616073135
650,7,1.5338384487636383,-0.008866013562814468,-0.179554167645948,-2.8324610504516112,-0.8983867964457999,0.3285938027616666
651,7,1.533416898129795,-0.009176961061824418,-0.1786465688383847,-2.8327017881908843,-0.8980624201676535,0.3280171461037329
652,7,1.5331401697511233,-0.009675212977429126,-0.17772402859106795,-2.8331415242684868,-0.897752168439067,0.32879902556348184
653,7,1.5331377511330677,-0.01098246792657287,-0.17602523906318224,-2.83237223663786,-0.8977228933257335,0.3265510453072189
654,7,1.532857698355602,-0.011111516740848648,-0.17548510815893725,-2.8345244407933343,-0.8973172865615022,0.33127350984424986
655,7,1.5325888982293732,-0.011501838318782154,-0.17450461647557525,-2.833961994989529,-0.8971864226176327,0.33088688320437853
656,7,1.532442599550553,-0.01180123846625647,-0.17381418516708624,-2.834824353724505,-0.8968877026949179,0.33204218430759735
657,7,1.532366704692201,-0.012865839045988148,-0.17255831479364514,-2.8329889645954895,-0.8963868473916525,0.3287669240166988
658,7,1.532100159454655,-0.013584937353865678,-0.17133187840693487,-2.8329038561315043,-0.895999465355984,0.32854219327517664
659,7,1.5317141776848848,-0.013651092760677663,-0.17064706340894253,-2.8336323198212714,-0.8956020153022344,0.3289228858793609
660,7,1.531403840187858,-0.013956694110125678,-0.16954882831425833,-2.8334998421921362,-0.8954901995280877,0.3280976194092551
661,7,1.5310511303962517,-0.014210417783355522,-0.16868220678494938,-2.8325803863251178,-0.8950919613887954,0.32777854821042496
662,7,1.5312281898654567,-0.015112078121322314,-0.16774964500646083,-2.833072899574038,-0.8946632107281545,0.33011580236569915
663,7,1.5308813803709553,-0.015517944523879335,-0.16663002476361477,-2.832363911474004,-0.8943267976698043,0.32857622081319837
664,7,1.5307954391589167,-0.01634676044155725,-0.16556568878155842,-2.831438996727858,-0.8939037370759062,0.3258787417628386
665,7,1.5305199733335653,-0.01677975361303674,-0.16454811571533545,-2.8313006537666645,-0.8937023366645871,0.32561467220302376
666,7,1.5305099467526995,-0.01771599094797649,-0.16350544765203678,-2.8307085637578617,-0.8931480028093511,0.32549624440773495
667,7,1.5303065819561599,-0.018045206891895038,-0.1627825046523037,-2.829814457104516,-0.8928657210472394,0.325472710522416
668,7,1.5303449063305703,-0.01874128444872114,-0.16191634516883346,-2.829177387840967,-0.8925322895346759,0.3256714344640743
669,7,1.5301376135022038,-0.01898842360189179,-0.16124430256124644,-2.829190638614784,-0.8921704093645397,0.328356688536833
670,7,1.5303781913478258,-0.020044992659799865,-0.1603990693203905,-2.827425074505415,-0.8916563714750507,0.32766341703582147
671,7,1.5303480333761146,-0.020394880405193216,-0.15996134678966545,-2.8257665807136094,-0.8910959785730328,0.3244160842102075
672,7,1.5305090583677803,-0.02084517611995884,-0.15971877727901562,-2.8263158138902993,-0.8905612851817295,0.3250531295413277
673,7,1.5306744679588937,-0.02130595822983361,-0.1593482686849006,-2.826968243154549,-0.8901621916614808,0.3264234149157741
674,7,1.5309048882167733,-0.021695770557971672,-0.15895423181031343,-2.827100295558294,-0.8899384316982424,0.32819096611186316
675,7,1.5307717090600346,-0.0215598908378436,-0.15901720435933075,-2.825910009039256,-0.8895647117642144,0.32938898972338126
676,7,1.5308444283984786,-0.021549746827567162,-0.15923422739941295,-2.8244612921943464,-0.8889786376048331,0.33027233132934675
677,7,1.530704299225033,-0.02149523809256615,-0.15935901302993227,-2.822570971515606,-0.8884056815042172,0.3302799772209175
678,7,1.5306078331273811,-0.021277539760101494,-0.15963857281199223,-2.822347425630052,-0.8879088037264987,0.33061932457335574
679,7,1.5305192078408734,-0.021018927722388225,-0.16005985688772695,-2.821229337128277,-0.8873753991798152,0.32896631735257675
680,7,1.5303565279153661,-0.020579011026941263,-0.16071921280032408,-2.819528059457798,-0.8869892893540153,0.32770777561777464
681,7,1.530459258904497,-0.021200034014256408,-0.16070526417390973,-2.8178874558655718,-0.8862841519787348,0.3276467592518091
682,7,1.5301758150025817,-0.02071438145398985,-0.1611905619718721,-2.8180285411299613,-0.885941308767384,0.3297872946720666
683,7,1.5302873539126864,-0.02101298134305507,-0.161216290754157,-2.8171007936476853,-0.8858766557249736,0.3305359190561459
684,7,1.5302108677105282,-0.021214506747583073,-0.161202937353766,-2.818086609262549,-0.8858930447594477,0.3346170920788143
685,7,1.5302253150222327,-0.021792057570080958,-0.16096603526491515,-2.8180282257091958,-0.8856388534858305,0.3359497726191514
686,7,1.530258379719771,-0.022067837152652592,-0.16098770280603247,-2.81690078849416,-0.8856354192818607,0.3365748431667399
687,7,1.530376285820638,-0.02273816063620071,-0.16071810048820323,-2.815790821866484,-0.885666762450685,0.3353402806297354
688,7,1.5302346033604375,-0.022717144327431882,-0.16071925337333415,-2.8153766067164696,-0.8858388555437409,0.3352988253689546
689,7,1.5304651761984185,-0.023268606613877196,-0.16081498921104975,-2.8142705296719486,-0.8856916548314335,0.3352659670446818
690,7,1.5306030148156402,-0.024046627307950708,-0.160313437253772,-2.8133057737900513,-0.8857279280751088,0.3351646869703011
691,7,1.5304490323460216,-0.02359916725273492,-0.16074624914187852,-2.8124411243085916,-0.8859019127926557,0.33572379076242975
692,7,1.530404330500257,-0.023626068394706268,-0.16116359247105683,-2.811283675384743,-0.8855651418660909,0.3346992679656571
693,7,1.5305773124736208,-0.023957989996561402,-0.16130811986716065,-2.811341143615704,-0.8854526432930809,0.3354122691420245
694,7,1.5304199778801437,-0.024098058978350156,-0.16108564885878707,-2.8115320323979054,-0.885600218651948,0.3359633309760859
695,7,1.5303946804062074,-0.024088703341257345,-0.16130581733639282,-2.810905403090258,-0.8855974590218629,0.3361269306606367
696,7,1.5306121581598007,-0.024698170133376607,-0.1611229312866984,-2.8111999095552287,-0.8854538856615384,0.33731645165324853
697,7,1.5304023142836087,-0.024572882658440154,-0.16121867370448717,-2.811605814358253,-0.8853807417544683,0.33923218205740535
698,7,1.530390943051351,-0.024760379659837906,-0.16117246778531968,-2.811876573759794,-0.88526009586238,0.33957000112555646
699,7,1.530342390057596,-0.025002261412355953,-0.16112512303272442,-2.812448548712869,-0.8850001173847117,0.3410077410497383
700,7,1.5302779743165498,-0.025059603305617184,-0.1611088125225224,-2.812802919180349,-0.8848963561081555,0.3406794187097011
701,7,1.5300196482157502,-0.024883050916374216,-0.16102666835470347,-2.8130573882097805,-0.8849441402475913,0.3401943053207188
702,7,1.5300705929452831,-0.02534357513660046,-0.16091458913009493,-2.812691057130371,-0.8845838819413498,0.3390188727255723
703,7,1.5297220161934,-0.024858355187911574,-0.16108394754581634,-2.8121865980151153,-0.8845171941843425,0.3376985438102382
704,7,1.5295277686338047,-0.024862283137679686,-0.16109344466316644,-2.811384504266096,-0.884216036318165,0.33642466489294254
705,7,1.529607788232351,-0.02505355038868906,-0.16098270737513642,-2.8107580931031086,-0.8841846594267938,0.33539617045198766
706,7,1.5294168092923666,-0.024947032772870692,-0.16101791604796123,-2.8107402248784332,-0.8839407081049171,0.33586951059009107
707,7,1.52940927826898,-0.025359153748288676,-0.16073202812562815,-2.8096413048531312,-0.8838613773560001,0.33417078574959747
708,7,1.5294074813027447,-0.025518470525242254,-0.1605167805521397,-2.808846031223152,-0.8838689464789584,0.3324178511687108
709,7,1.5292228813044975,-0.025300615156523598,-0.1606119188732491,-2.810032822986336,-0.8837713407671002,0.33408044727480335
710,7,1.529346643279613,-0.025704298652921898,-0.16045853419192468,-2.8099581832868625,-0.88359402042931,0.333896465746232
711,7,1.5291541915930333,-0.025525434729464225,-0.16040867902798106,-2.810179614479063,-0.8836263485081237,0.3339150090592653
712,7,1.5292316364450544,-0.025953889785119477,-0.1601478580326008,-2.810116375333557,-0.8834413556888181,0.33383225957119067
713,7,1.52917693754807,-0.02640491649035659,-0.15959737800020268,-2.810446186255313,-0.8835652152311545,0.33376097737225385
714,7,1.5292771187019205,-0.026556289949167144,-0.1596428339611593,-2.811240346443859,-0.8833958060412653,0.3343897608340314
715,7,1.5292297390954885,-0.026961424657915734,-0.1593640177030451,-2.8111912009119626,-0.8831739787918216,0.3343929728596724
716,7,1.529202120146385,-0.027247124993937666,-0.15906249308211007,-2.8113728495216934,-0.8831759483336319,0.33434932623558344
717,7,1.5290068250553546,-0.027254210640351495,-0.15892051306221733,-2.811767178357174,-0.883015273466331,0.3349272035708919
718,7,1.5289598903038761,-0.027545887297987237,-0.15848173546118183,-2.811692557057547,-0.8831635223168235,0.33433163839179025
719,7,1.5290282583189048,-0.02787264717443305,-0.15817494034870228,-2.812231734588389,-0.883115574632783,0.3347085779361072
720,7,1.5289187004198441,-0.027985215507895234,-0.15792561229590163,-2.8117412259122774,-0.8830572585856802,0.33371552951675687
721,7,1.528757614483515,-0.027797085855579162,-0.15789439860255006,-2.81283925530786,-0.8830594924490752,0.33522202292615666
