PC1,PC2,PC3,PC4,PC5,PC6
-1.46292689296094,-0.8371445150116353,-0.6540647742306537,-0.00918145369784283,0.2819332604046874,-0.12938574545725867
-1.4604021901528315,-0.8371757442764626,-0.6511663677713642,-0.009929907996969977,0.28074584413094905,-0.13018172417779514
-1.45801706376168,-0.8362524261730854,-0.6500619685001485,-0.010622513969427209,0.2781638843952455,-0.12994141935548909
-1.4565100880547048,-0.8346782229634326,-0.6477181990793585,-0.010909458463483119,0.2765213391901947,-0.12946127717019665
-1.4530659633031269,-0.8344176944288979,-0.6460869070507336,-0.011738488577870803,0.27459277034325047,-0.1285180069545257
-1.4525828991761847,-0.8309530281351449,-0.6462054276855224,-0.011894579538981966,0.2728423388252947,-0.12699306492017035
-1.4511766087171918,-0.8286432259386814,-0.6452753536197439,-0.012263863717042871,0.27199802035706433,-0.1258444308511578
-1.4505479275881352,-0.8264728955119051,-0.6431585549037883,-0.012495373131118795,0.2717149988272672,-0.12505234885612246
-1.4494823090690712,-0.8244180292183907,-0.6409619472199076,-0.01273433113245743,0.2713232166769275,-0.12482081035896256
-1.4481096107891978,-0.822989937747975,-0.6379192544279398,-0.012892376411517548,0.27076345059566337,-0.12448999517223484
-1.4468003725034524,-0.8213263109503965,-0.6357724610371808,-0.013024612722298289,0.26994721302876556,-0.12390073228782467
-1.4453271704920634,-0.819856083718449,-0.6329315191685961,-0.012875557910876224,0.26922596636557244,-0.12248367880319125
-1.4447169168391532,-0.8174363715322973,-0.6324633515650638,-0.013035047537852276,0.2675097910025714,-0.12101761553194414
-1.4437578209546391,-0.8164956222563109,-0.6289785360114757,-0.01322491596651351,0.26704214279300686,-0.1198533920278405
-1.44322302914847,-0.8148841705554668,-0.6265037536500867,-0.013463580235201073,0.2660849065939253,-0.1186120628884314
-1.44209769309694,-0.8136824104300262,-0.6239135298602304,-0.013829404169860674,0.26478924616096644,-0.11721373561474484
-1.4411500333761198,-0.8122376923340281,-0.6212630646461437,-0.014235730540379462,0.2636485016650891,-0.11571841555096227
-1.4397236621085594,-0.8102694449263788,-0.6191584986240415,-0.01449026877983067,0.2625353679217693,-0.11384419818256503
-1.4392673653374373,-0.8081339733180144,-0.6180786712803246,-0.015076520188234329,0.26064702128793893,-0.11275791414139766
-1.4398973808167572,-0.8050882180010784,-0.6163465510601283,-0.015261072573177591,0.25895961177188864,-0.11206344393789179
-1.4407136253493862,-0.8021293950086916,-0.6134986123284049,-0.01530179912460789,0.2578344081305655,-0.11172775972837429
-1.4399649471322138,-0.7998233211155211,-0.6104364092200737,-0.015319650053129264,0.25678311095519935,-0.1116289994501913
-1.439089254013623,-0.7967635391663653,-0.6095526411172626,-0.015366410877634282,0.25548569110797853,-0.11029788579236526
-1.4390768130163316,-0.7932557790322233,-0.6082862706708256,-0.015123498439969194,0.2541487355056983,-0.10878844937453405
-1.439262194678769,-0.7891105341185024,-0.6079365707295422,-0.01478556860591097,0.2527172042627468,-0.10756915990763828
-1.4385854328776737,-0.785753597649929,-0.6063910389719561,-0.014470621170767192,0.251614708952965,-0.10601905962197387
-1.438082985673803,-0.783353174463667,-0.6036755348456436,-0.014409418085927083,0.2513694198758093,-0.10422914422109696
-1.4377017978516717,-0.780225844983596,-0.6014282973930899,-0.014080946357272481,0.2508629889259723,-0.10196878016355566
-1.4377569025093924,-0.7771097144898357,-0.6003858813620389,-0.014092832049906434,0.24940405429535414,-0.09957326261256562
-1.4371907312380678,-0.7736986986624783,-0.5997692824769637,-0.014116685518282279,0.2474700983055704,-0.09768707811745257
-1.4377887846485709,-0.7709625767782975,-0.5968479967912143,-0.01425390253582618,0.24626500460061557,-0.09682253466713707
-1.4395552561336868,-0.767463127800124,-0.5928843893644877,-0.013907374892611044,0.24564019487090405,-0.09514485612754184
-1.4408244365503733,-0.7634310007610074,-0.5910734332257723,-0.013754875521406407,0.24448196501570957,-0.0940034143387046
-1.4427756020167466,-0.759420132531245,-0.5872736846464076,-0.013043162063273581,0.24420817972579859,-0.09267797372143852
-1.4443558297550374,-0.7549783949218243,-0.5850482870111059,-0.012480439020512483,0.24298740685556744,-0.09177742811614607
-1.4444965208020872,-0.7510232212006406,-0.5834111280970824,-0.012241875552883915,0.24240666398452643,-0.0906356575223227
-1.444798134284406,-0.74653731814928,-0.5811518568996533,-0.01156717670064083,0.24304246308262786,-0.08882316100887211
-1.4448623583697335,-0.7417721781551142,-0.57934538147836,-0.01088267516490599,0.24356647822714403,-0.08671528624643647
-1.444428119405869,-0.7376463156176174,-0.5775959620996963,-0.01034247239056579,0.24307660547501647,-0.08446013023837978
-1.4453266018566422,-0.7327884400728806,-0.5739705650787912,-0.009314318652250917,0.2433395109653009,-0.08227283904585116
-1.4449373436719808,-0.729353664606818,-0.57103951425315,-0.009029936605153506,0.2429577078349009,-0.08057653218602052
-1.4441952320348517,-0.7267113343288611,-0.567445667967182,-0.008955352742839396,0.24266180012072308,-0.07880291046771425
-1.4454187277842148,-0.7233122179379357,-0.5623298144296821,-0.008416376660967635,0.2419079083264544,-0.07727136306527722
-1.446840823251356,-0.7188532349377373,-0.5576487440601322,-0.007875595130841023,0.2411970473384887,-0.07596329613267885
-1.4486642557861558,-0.71414526870424,-0.554221533875707,-0.00756603415238552,0.24025528255786413,-0.07443573172635247
-1.4510571782008181,-0.7079989082363974,-0.5505155288692762,-0.006580794943433863,0.23982673389592216,-0.07237075597566783
-1.448883533720851,-0.7035749052729535,-0.5476926916576708,-0.006078615439030055,0.24017460359830128,-0.07004282484133602
-1.4492943588332743,-0.697478142365253,-0.5453472874405368,-0.00528894875598099,0.239922098317568,-0.06766424271511465
-1.448448847792872,-0.6905951211461617,-0.5450586993574575,-0.004571972546998901,0.23954764760714514,-0.06463225140307617
-1.449711148531969,-0.6842948874932765,-0.540385073809252,-0.0032344263019115464,0.24065505219837752,-0.06146000866653064
-1.4482397709702393,-0.6795121504079102,-0.5373234050087116,-0.0028016852644535107,0.2397404757270168,-0.06001408997906281
-1.4491955747269711,-0.6746696296024456,-0.5326052686068486,-0.0022139804052812677,0.23943196299885786,-0.05819416841264072
-1.4500353089056115,-0.6691268799994304,-0.5282657742303414,-0.0014122624627000866,0.23838455233983066,-0.05669677477727113
-1.45282229930683,-0.6626258500404294,-0.5248649943275009,-0.0006485568520350334,0.23646985479292557,-0.05487728825863339
-1.4518064597169982,-0.6582725072919693,-0.5208501299686074,-0.00029862896539568337,0.23510144242998135,-0.05262681746625124
-1.4509357342595914,-0.6523411058902653,-0.5172628304658123,0.0003719241902932597,0.2333752678425569,-0.05156554606758777
-1.4514375276495486,-0.6455958060470867,-0.5133164615619036,0.0013624225906840922,0.23280254287067337,-0.0489932194432424
-1.4520378926648936,-0.6387887451138021,-0.5095024484931402,0.0020896175239298745,0.23226046804942158,-0.045990335574176824
-1.4484044454278886,-0.6332829282222286,-0.506781008785492,0.0026374311169328314,0.2315672185428525,-0.042800467604971394
-1.4494495123723066,-0.6265644015893929,-0.501575269818928,0.0035593856684784657,0.23125786070593546,-0.039979993531174526
-1.4484734140369218,-0.6199414383552041,-0.49699867254963104,0.004691167847217499,0.23050243745898136,-0.03678994058870129
-1.4471948892610447,-0.6137050863063415,-0.4925845601138062,0.00528357540801173,0.22966408659036333,-0.03422503523696412
-1.445025785235439,-0.6086284741336838,-0.4879467115610011,0.00573492133485359,0.2282040197440976,-0.03149552680340863
-1.4458136017033996,-0.6014740236927134,-0.48219339407482986,0.006950218285866489,0.2271818677577329,-0.02931284108609834
-1.443553895210519,-0.5959023919351288,-0.4777457077704925,0.007362780552462678,0.22535945891018805,-0.027138304271244522
-1.4428794237366982,-0.5898723605943491,-0.47261527334699255,0.008130453979616887,0.22387060554956917,-0.02428857055260717
-1.4434243309571941,-0.583105365746619,-0.46694818505277763,0.009034523363191044,0.22107743320414147,-0.022991473734863335
-1.4442083940481794,-0.5762761676149049,-0.46167183031355397,0.009819232389865032,0.21910076737391132,-0.020739641685986618
-1.4414278080218732,-0.5705374232621374,-0.45842580401623945,0.010106443199111522,0.21657867756270038,-0.018291717327935848
-1.4456083004579974,-0.562286985471237,-0.451643346358079,0.011184978039386582,0.2148951091041248,-0.016847500641159238
-1.4442827556765025,-0.5564120787974229,-0.4467864173140854,0.011586084084218183,0.21236705056389424,-0.015211181934310302
-1.4453590989143361,-0.549208472177896,-0.4411716493975352,0.01269327125789045,0.21035687677832554,-0.012680217477280223
-1.4460526040609307,-0.5421459149287123,-0.436034464044557,0.013414576304066691,0.20803821710882778,-0.011148810749351586
-1.4433550224053129,-0.5364740442097942,-0.4318233417331028,0.013555848135429295,0.20623184488381155,-0.008249614873417162
-1.4407375399569091,-0.5293511784147488,-0.42595571552474404,0.014814800553438777,0.20480837672472213,-0.004624955987373286
-1.4392223518947993,-0.5221954763675747,-0.4209948805995058,0.015517341174044153,0.20255311776832916,-0.0017859187662729646
-1.4376851936687736,-0.5148046325543275,-0.41737491101709917,0.015986387090244546,0.20112150695739014,0.0020691297151141956
-1.4338480169342576,-0.5074777668609446,-0.4132740987413872,0.01671815619910977,0.19984377874558668,0.005803941808630852
-1.43113092352379,-0.5005438416636535,-0.40698356728476487,0.017488487488203888,0.1978291187177104,0.008243191907362597
-1.4297555902538648,-0.4930118554487739,-0.40269502755919373,0.018037291979210474,0.19609846435146047,0.012313216756652073
-1.42907412656016,-0.48517274455935977,-0.39766872871884323,0.01879682149421416,0.192616127455329,0.01411050280246167
-1.4248599007449834,-0.47810333504100616,-0.39368084160960926,0.019512791443963,0.18921635016378707,0.016482444331455844
-1.4260860684202508,-0.4696971048488072,-0.38655363631445744,0.020487897598791265,0.18856573076510932,0.019086252031614175
-1.426490462553847,-0.4623781105107465,-0.3787396250678263,0.021532846236648903,0.1852616207690859,0.020109697603313867
-1.424794368637511,-0.45491290805949974,-0.37314273416513866,0.02252586992728484,0.1822704086165487,0.022728941776195753
-1.4240094492134956,-0.4462529170540704,-0.3678782622417418,0.023695482552098676,0.1798114908726493,0.0249012185344753
-1.4224832454370153,-0.43912285012519686,-0.36120829939481375,0.024553202742468975,0.17800661266486242,0.02623410335166111
-1.4199519650585752,-0.4305824338139135,-0.3550422179585578,0.026156854118791456,0.17657985259359782,0.029893999081912554
-1.4187429755358303,-0.42298691827157836,-0.3506848083429416,0.02644047209787713,0.17298125959255176,0.031095010108361736
-1.414782012626141,-0.415599362188911,-0.3467031246151568,0.027111307023029836,0.17038723501828446,0.03387236853292771
-1.4130401080679955,-0.40770157093700565,-0.3413063008394273,0.027718240028230534,0.1673636454682237,0.03472136506438794
-1.4113777433005212,-0.3994058588165992,-0.33724501043004,0.028053967982579007,0.1647289853439294,0.03619631415768721
-1.4074253498321496,-0.39281911727721963,-0.33390062312103874,0.02820462066428282,0.1612728394140243,0.038601878769601077
-1.406536867274953,-0.3862691490465502,-0.32633569229935355,0.028590907009928838,0.15717737316891078,0.0382682329886928
-1.4038247298173545,-0.37936682530626326,-0.3215081093793256,0.028775949915867727,0.1548973989908713,0.03993689818857268
-1.400373332623827,-0.3730827952183323,-0.31620554842007265,0.028915241115733053,0.15108932335204317,0.04044488879100827
-1.4008062065931144,-0.365525122138317,-0.31065621013488925,0.02921355686811994,0.1478334058098554,0.04115054208798909
-1.3982525844253666,-0.3588300419122467,-0.30483974262284536,0.029802963912527982,0.14549309129067517,0.042594735805168024
-1.3967810007603867,-0.35160929956758863,-0.29923572477973254,0.03017087958064035,0.14193863137164364,0.04215219066607998
-1.39571213542141,-0.3432963159265281,-0.2951211665346135,0.030770178410216665,0.13912955834775195,0.043896227418894096
-1.3927538672940174,-0.33691600164346774,-0.2896081190204489,0.03118309304306734,0.13533431580126815,0.0438720190402905
-1.394523292144631,-0.32849210673187573,-0.2836465917469642,0.03185607095504863,0.13312968941112266,0.043791931530851404
-1.389838768210041,-0.32179420078325716,-0.28015741043959697,0.03236969104816311,0.12983941551308498,0.04437740130272734
-1.3874883980826815,-0.31528730244971337,-0.2760070822235437,0.03245426461714332,0.12558736002914078,0.04383879055810539
-1.3877262990468238,-0.3074623212424038,-0.27087020720545313,0.03305189034314559,0.1236364972644716,0.04503647815598649
-1.3852908422198635,-0.30117331763934,-0.26601028838396995,0.03327594973040884,0.1204596382916043,0.04529294206753798
-1.379736535795959,-0.29661157127513754,-0.26099924620869,0.03329201135709137,0.1168293090784297,0.045530639212331
-1.3771397846896816,-0.2905784052120421,-0.2554993760746437,0.03358668783224739,0.11474697057456153,0.04656744557238414
-1.3754753145727743,-0.2861983649919179,-0.24645527816963472,0.03376330049362179,0.11310610669716435,0.046727481769420424
-1.3709849575069943,-0.28077754211686634,-0.24169618346194968,0.03370660602288525,0.11155641339787317,0.048185190502666925
-1.3664884794460321,-0.2758563356282981,-0.23755726624897308,0.03348158593438059,0.10799209022565855,0.049915151784840704
-1.3617767517912909,-0.27078873453673236,-0.23295179537147195,0.0335428091507117,0.10435436359482131,0.05036672386510031
-1.3606645054339115,-0.2642696140972812,-0.22842297614492285,0.033631324832688055,0.10257371657985995,0.052153839730242506
-1.355137580133467,-0.2598399376052507,-0.22361147949496588,0.03343696266604905,0.09896893075037605,0.05238492293559859
-1.352776926861913,-0.2542381104792433,-0.21700193004199986,0.03397676767269734,0.09695578715501452,0.05418908269649562
-1.3485508978099106,-0.24976162425877008,-0.2109936944193543,0.033899041475466865,0.09453622674677624,0.05383438966476052
-1.3458204954424313,-0.2450268795483799,-0.20472714380173163,0.03404583310596906,0.09078032976737203,0.05394777411334276
-1.344788475394655,-0.23905566783857346,-0.19927374441923393,0.034503559560817916,0.08810948613272154,0.0552558728134548
-1.3406697758635462,-0.23478989706963038,-0.19471229176758967,0.03423164732920966,0.08330917281418322,0.05416246432985095
-1.3388700115635186,-0.2294411029916091,-0.18689832826852348,0.034860737386161286,0.08192088084161937,0.05456229387610526
-1.3381950562806668,-0.22389520423893594,-0.18080053949327554,0.035178440463121005,0.07863448773363416,0.0543944795010989
-1.3352990503818392,-0.21956970594386122,-0.17459545717523148,0.03529984925691798,0.07486161428169749,0.05399591926218781
-1.3332826558112427,-0.21515132614117374,-0.1678184747822175,0.03551855426481022,0.07296978418207661,0.05478434078517277
-1.3314796436490115,-0.21081175717412118,-0.1599234636186081,0.035817823390187575,0.07098829194108955,0.05416046797156852
-1.3292081294883225,-0.20602730992198376,-0.15583864650696466,0.03576324405007408,0.06669081875516275,0.05467176753473113
-1.325265367512104,-0.20209087867630238,-0.149673500344618,0.035928722594782116,0.06383233051911238,0.05505165636289416
-1.3246654877284723,-0.1978651697322756,-0.14246636956160014,0.03580975694383291,0.06148078182570011,0.0545552611356725
-1.3219365807891037,-0.19401272020343505,-0.13453238115696764,0.03601246971998404,0.0607690176748432,0.05542232674837519
-1.3200297340706206,-0.1909516558455955,-0.12619751426301198,0.036002640964272546,0.05739164694337054,0.05524450355551134
-1.31638636999099,-0.18674774537862793,-0.12018060159400598,0.036396769787704786,0.05531093451917011,0.05592464059049735
-1.3147115950355985,-0.1838016701702231,-0.11146148088717014,0.03622436019689955,0.0541679395598135,0.055150152504689375
-1.3136590668899089,-0.18069063862666282,-0.10322517167479389,0.036228624002173165,0.051489156829300935,0.05473917198014753
-1.3119823373258037,-0.1767518176420754,-0.09744748384220432,0.035999272335688726,0.04889475221631432,0.055196903337452315
-1.3103109125638581,-0.17392488754042598,-0.0882182396461262,0.036040167780296256,0.047110083988634865,0.05404832207205391
-1.3092022267981582,-0.17045754685714426,-0.07998196647932908,0.036156154971310646,0.04626533655059108,0.054223989114601204
-1.306603309880154,-0.16800871687220065,-0.07332676154771406,0.035737835392841845,0.04290856051875317,0.053593658693169344
-1.3067027906990862,-0.16540217559609172,-0.062439822192466334,0.03593407095775856,0.04188784772039924,0.05340876870834244
-1.3065980952268261,-0.16221755600419357,-0.05175785795420382,0.03634816961794065,0.0413046234295779,0.053101364759801734
-1.3050730726763708,-0.15972701606572093,-0.04365117869733295,0.0362384456862814,0.037935594314241095,0.052136443091482125
-1.3014288115964578,-0.15800520717048527,-0.03496404149879775,0.03620172642444363,0.03586856925903663,0.052187795310696304
-1.3024154515622879,-0.15503224326293102,-0.02480085603564785,0.03638870677513973,0.03379388360974474,0.05128156797342111
-1.3026621312861224,-0.15232421449781466,-0.014146332460220505,0.03662097075309867,0.03233864313868093,0.05112138419019321
-1.3005689701056709,-0.15078773170592985,-0.0035725857873085015,0.03667370671353877,0.03041378724762808,0.049772725874044146
-1.300567736795163,-0.14894914624379965,0.007381383720999043,0.03663731637104333,0.028126978286158746,0.04870090612171863
-1.3001678843597222,-0.14702754727456793,0.018623254951858105,0.03686810115371552,0.026810611833754168,0.048299107679732535
-1.3029738542263551,-0.1432624725611668,0.027704986733941398,0.03698341300163232,0.02381263773658482,0.04674044981889911
-1.3025232720826625,-0.1401894904738717,0.03696253064924806,0.03727369174433033,0.022260010842410274,0.046390748183465474
-1.3026216298985644,-0.13909328513144484,0.04973739309359779,0.03744271749071856,0.020056201834909648,0.045176024967947
-1.3055451056108474,-0.1354448089236987,0.058974642381063154,0.037552061019647254,0.017167404864200073,0.04464738911805486
-1.3056605171376994,-0.13486620997780557,0.07340491619907565,0.03770060856612613,0.017712146486414674,0.043780278332410646
-1.3080689761043134,-0.1319492618102633,0.08196297039403173,0.03736842616021514,0.013904624110984422,0.042511554660409234
-1.3090031069432289,-0.12875884128137946,0.0910472166889865,0.03746370337747443,0.012017005097373133,0.04248233134733836
-1.3096598946835134,-0.127326742841688,0.10294649027671308,0.03747739991449896,0.009724231659073138,0.040633254781927065
-1.3101246976571965,-0.12526726347923886,0.11252457361794964,0.03733986137300417,0.006621235112446964,0.04031859977633314
-1.3106792624200303,-0.12365825685444595,0.12338316066073245,0.037232288289678436,0.004403252762393771,0.03955986585248838
-1.3116704129334744,-0.12243802151950157,0.1338497299732346,0.03690293130765368,0.0011710342969421471,0.03810968922782417
-1.3126916754349023,-0.11946000424463993,0.1411458457121858,0.036581478843136644,-0.0022107228114505877,0.03794054360735179
-1.3129157482974387,-0.11739765798489221,0.1493284502422247,0.03612681336304801,-0.0064433401142771065,0.03631173148515056
-1.3133796921648146,-0.11572445054694203,0.1605868143936642,0.0361061022306242,-0.008267240608396691,0.035850354803948575
-1.3132093426524876,-0.11387718644509265,0.16825574163976062,0.03556485452656275,-0.013082146832667875,0.03499961075972128
-1.3108002354234585,-0.11336956843066076,0.17733794350695967,0.035035781034442146,-0.016328192308518424,0.0333055835053068
-1.311211732443309,-0.11125390320023718,0.18507046738674346,0.034529497715562386,-0.019993417154766085,0.03300873828543049
-1.311546288251445,-0.10999009230408953,0.19525140352388334,0.034186979867860824,-0.023487355155096108,0.031366138171599244
-1.3112984332406628,-0.10643888936399243,0.20108009546795777,0.03402904536839171,-0.026504679292276286,0.030513229132659275
-1.3099953994062965,-0.10435341639585413,0.20622339679223856,0.033266383262985,-0.03208107164747287,0.029292982902431756
-1.3087003768755265,-0.10272198586833411,0.21316692108019655,0.032547800523528944,-0.03537572140457494,0.027869510602098486
-1.307673273339147,-0.10061232830639467,0.2206224719391601,0.032119252092597146,-0.03814319642376564,0.02669421858082147
-1.3075603901075783,-0.09704448681133196,0.22422508304868702,0.03149705806467362,-0.043981492569915875,0.02488698149060483
-1.3078213346498686,-0.09324285440270771,0.2289609972203211,0.03109441418351313,-0.047265070670474786,0.023297424600734848
-1.3061812522624277,-0.09138108372313791,0.23593327949644236,0.03071851539022803,-0.05078392669662976,0.021954286318386612
-1.3027956515895909,-0.08997019839708119,0.2419337970857037,0.03024490291155306,-0.055043080308502364,0.02038823003401863
-1.3003829312676107,-0.08785560353106389,0.2476994670959737,0.029592599428675058,-0.05817607869467705,0.0183615072614531
-1.298761503717564,-0.08529960373077404,0.2523707775492094,0.028928808151605236,-0.06170419911834945,0.016542818764455774
-1.2979229449022953,-0.08241866302302722,0.2570177586858903,0.028259450160386296,-0.065451635494887,0.014363764155414925
-1.2960480371337628,-0.07994927995239949,0.26289472679088133,0.02789191899289159,-0.06839343482946007,0.012115771171813146
-1.2953229838132405,-0.07792316898366565,0.27104644052330773,0.02751602014280284,-0.07041093102304821,0.009121601699019466
-1.2938853545815452,-0.07455372640592188,0.2749379858480679,0.026853716385899364,-0.0734582033302554,0.007013789015320936
-1.2915074312510817,-0.07184936248514702,0.27915559336690915,0.02615306876175129,-0.07670970112691416,0.0043369003084394635
-1.288207894424082,-0.07004528248763638,0.28450144674537503,0.025362131267399755,-0.07998232781579272,0.0009904813712637499
-1.2866637712346591,-0.06711927152474619,0.28904097512787785,0.02463764275111025,-0.08282510568708887,-0.0017400941418896465
-1.285865005502313,-0.06539797522341256,0.29693752417135744,0.02407827932326676,-0.0850621865300988,-0.004525811151723261
-1.2867802062843567,-0.06153072736814936,0.3020225042052365,0.023426734053980932,-0.08802887202491684,-0.007868846367531022
-1.2867878039040572,-0.058102855061757254,0.3085801734135031,0.023031324515907475,-0.08926757154464084,-0.010761646438110124
-1.2855259404723023,-0.05580183556428292,0.3145608985026255,0.022295990429926076,-0.09154690354668017,-0.013551633645466491
-1.2827460908318118,-0.053232999721468006,0.3198974223047948,0.02172310264338025,-0.0934792340465941,-0.01610946569592709
-1.2794542136053058,-0.049794529984008955,0.32246565560910706,0.021044934800050402,-0.09665113717224852,-0.018773434138846568
-1.2767062945495877,-0.0470182966946877,0.3264185495716502,0.020485240928070626,-0.10034729633965388,-0.021254542191631712
-1.2727866352204493,-0.043660956465355234,0.3289271596267665,0.01998313472645328,-0.10394900440496788,-0.023389132245317697
-1.2702345633787184,-0.04134789075235105,0.33436396183690065,0.019567699220070612,-0.10577998425009233,-0.026174270913841325
-1.270076893108886,-0.03784976487786866,0.33920789683661606,0.019317159551006883,-0.10773663112339109,-0.028383699824320444
-1.2663710802137829,-0.036008356262530766,0.344785228958067,0.01908790991008066,-0.10952109873250386,-0.030071024467062335
-1.2636113763650834,-0.03324980431537987,0.34887250336347786,0.018808694474915122,-0.1113331892364756,-0.031939057736050026
-1.2598728588534032,-0.03022127929438226,0.3509288552346004,0.018523159751251416,-0.11452230499876564,-0.03371316720061742
-1.2567490335403844,-0.027435002760560233,0.3543391058572167,0.018450550340897442,-0.11695174249827033,-0.034346031153247594
-1.2545400560075015,-0.024778121182660356,0.35753474731811385,0.018091556016239137,-0.11926306470017356,-0.03547998364539321
-1.2535429205823299,-0.022068736978999044,0.3607663619016535,0.01769479030174985,-0.12148500587622135,-0.03614433640908959
-1.2523004951269816,-0.019588092821409647,0.36517816195720176,0.017656960856046306,-0.12319051205145873,-0.03637766104058916
-1.252160487364043,-0.01657600853419771,0.36887887164407446,0.017435022552507423,-0.12418308275639416,-0.03758287476358868
-1.2511711398594418,-0.013386026596248006,0.36996199926629636,0.017176962819887533,-0.12581575524972893,-0.038058490571784315
-1.249499135210976,-0.010274460930773185,0.37131668518821953,0.01689299367027641,-0.12726628786731786,-0.03907760277591604
-1.249083260587758,-0.007095103228441982,0.37230646948948937,0.01675359753251989,-0.12941965716658152,-0.03940615418291881
-1.2468866097194489,-0.003744450005252772,0.3715386242446944,0.01647234600097018,-0.1317173257671267,-0.040112930009783075
-1.2447442096919894,-0.0024054478236653154,0.3739560688329415,0.016283254119064082,-0.1336072939379771,-0.03984486234359341
-1.2421202018703612,-0.000679796211016923,0.37517594368302426,0.0159583765774694,-0.13537399146980691,-0.03999955052038928
-1.239839745821494,0.0014674897789466615,0.3754461061408615,0.01576980083882266,-0.13674163762954308,-0.040011276943366404
-1.238102238431375,0.003596240400414869,0.3751412989049398,0.015388606185222562,-0.13891837972729026,-0.04034717633238791
-1.236267838359153,0.005229882647239068,0.37499310821897985,0.014956756815331582,-0.14092992596563944,-0.04077929412196837
-1.235099164015032,0.007129644825868301,0.3751152321149582,0.014671886599790422,-0.14205520036192215,-0.040510236703433775
-1.2339177731276882,0.008430770377220759,0.375782402011637,0.014396985495964043,-0.14372101667555093,-0.04080033791281088
-1.2336154881424524,0.01064414855916451,0.37398172256772955,0.013926444193141842,-0.14610262185412953,-0.04156302325213898
-1.2330799795001097,0.012060282644651043,0.37294198109848675,0.013426190682872003,-0.14825190298924582,-0.041868609240875286
-1.231575956679559,0.012215175244107845,0.37264803393266516,0.01274201791098692,-0.1503359695997401,-0.04264904452952815
-1.2304611201147109,0.012195408928909624,0.3736155958822329,0.01225061436993995,-0.15148490841230924,-0.04351487473199921
-1.2300723728218874,0.01178194841865006,0.37526127329013165,0.011800625751237217,-0.1530489995738294,-0.044134769909625976
-1.229517158915373,0.01173236929308248,0.3755070522506666,0.011249727923455462,-0.15405509305256265,-0.044696351076334656
-1.2287679500680724,0.011570596734134058,0.37622891926203134,0.010882938756325417,-0.15462215502904533,-0.045287127830164475
-1.2281260284820947,0.010543891707645529,0.37706414754301976,0.010257555860624901,-0.15584116102992093,-0.04623117064239763
-1.2286436481670797,0.01067641088780895,0.37662744417502975,0.009731330945182573,-0.15676043143166302,-0.04727114619423601
-1.2270524578926336,0.008969072013076512,0.377385832596825,0.009051659834391327,-0.1576849600700984,-0.04807233128297805
-1.2261540520541518,0.007834715989795706,0.377484946672009,0.008535876088948631,-0.15847834829077756,-0.04943705430684409
-1.2257442798670184,0.007091443333738429,0.37694824728431797,0.00805752777113661,-0.15950980341277132,-0.050354841248794434
-1.2255376512903295,0.006057853656790278,0.3766079372343567,0.007566086976158174,-0.16040368318752904,-0.05162417606513142
-1.2250319873036577,0.004504673403002142,0.3763179899303762,0.0069557851777612145,-0.16151319391546032,-0.05293692596862939
-1.2255519368383847,0.00313462833355655,0.37637457573900696,0.006463745977937531,-0.1622328351647351,-0.05427405196347178
-1.2265589148246838,0.0014705139255057936,0.37751652045825296,0.0059833179284038696,-0.16166878731361645,-0.055579702158108125
-1.2280463281780203,0.0008544810820901509,0.37654749585735997,0.0055067476950986785,-0.16201294626856783,-0.0567552038426934
-1.230023832840243,-0.0004774745593326084,0.3768067772630126,0.004976439794169936,-0.16207432168309777,-0.05791740169310653
-1.2299259896527548,-0.0023561869204391053,0.3764893853273431,0.004419390277169462,-0.16203527674114596,-0.05912793741197371
-1.230635235188272,-0.004002771741252305,0.3765898410101783,0.003981647629516657,-0.16175896743590343,-0.0602755929199507
-1.2315422143107246,-0.005807002884469105,0.37654702357564235,0.003533046705188732,-0.16156191272374654,-0.06136088187670884
-1.2314746773332552,-0.008138064026479182,0.3761472920035693,0.002979687854558603,-0.1616103496912159,-0.06236535796755549
-1.2314023936455847,-0.010534078319679062,0.37508217107911807,0.0023316480612034863,-0.162182120480234,-0.06369306404445417
-1.2328341883000116,-0.012401064790723405,0.37528340014630396,0.0018987221781397265,-0.16148978668125857,-0.06481824846580475
-1.2341748207564818,-0.014265280017446796,0.37491683883359234,0.0014275779063637097,-0.16119742696879963,-0.06572884475202385
-1.2354279168626146,-0.01624764488282822,0.37466570935684856,0.0009616831830450526,-0.16028161844275118,-0.06706340304432426
-1.235687226145673,-0.017993984857401873,0.3734288646965648,0.0005718695540413701,-0.15978857239252842,-0.06794273701775908
-1.236078236120621,-0.019747101416023892,0.3724951644430839,0.0002886366369532477,-0.15889778344527813,-0.06861746049229409
-1.237187644753956,-0.021560526485190478,0.37184084199057277,-5.95058724552673e-05,-0.15772800232716383,-0.0694150900679858
-1.2382244175545407,-0.02329295492347233,0.37074765797886383,-0.0004041478648295841,-0.15702375427686427,-0.07022661791207788
-1.2393812369344097,-0.024272078859948233,0.36836313662376097,-0.0008163102562063476,-0.15670516253812433,-0.0709115927809403
-1.241099287071023,-0.02533175557942144,0.3667074150413194,-0.0012807520104151976,-0.15578959868159284,-0.07159110165755903
-1.243258002000732,-0.02632731978246909,0.36471466912306255,-0.0016645741231851206,-0.15515445650969406,-0.07245049210058706
-1.2450987432696612,-0.027957181920747077,0.3641762834933617,-0.0020035307924909313,-0.1540287131178469,-0.0732018929283672
-1.2468701289802187,-0.02937329914470662,0.36318464577505755,-0.0021420952268697896,-0.153325521049527,-0.07389041520087623
-1.2486564034944214,-0.03080719471277794,0.36216829857633376,-0.0023300220624173362,-0.1522404488124839,-0.07476393245439879
-1.2501029392189076,-0.03124909117467443,0.35963459023066874,-0.002401233819734823,-0.15136548455358315,-0.07544415638912716
-1.2512128560139837,-0.03175564685023384,0.3570244309405309,-0.0025945313573287987,-0.15010421185625705,-0.07626789362929765
-1.2534145387954827,-0.03237340809153604,0.35472331488607717,-0.0027606691285516054,-0.1497971074787207,-0.07686861265617825
-1.2563170973334237,-0.03227507868776039,0.35111521830722103,-0.0028930719763440964,-0.15044055959723604,-0.07737009362485484
-1.258464876750011,-0.032840393709093633,0.3490338945997238,-0.0029849804642965716,-0.1494617120274751,-0.07778273143534555
-1.2599760097563,-0.034101103917296274,0.3491183572824518,-0.0029370476756568173,-0.14783772063086933,-0.07825817798431624
-1.260454590655603,-0.035654799109286345,0.34946190838221175,-0.0027313099034356365,-0.14581309789633987,-0.07911165255351585
-1.2618171408529237,-0.035506004812051996,0.3467284081860294,-0.0025333043401403765,-0.1447136518046395,-0.07967728295561981
-1.2639328413202187,-0.03463537162991464,0.34172166614858995,-0.0025543091172699553,-0.14477702544905202,-0.0798700184359845
-1.2656238726754072,-0.034352654438239455,0.3382557919973061,-0.002482114990321642,-0.14442762363394623,-0.07957491059931654
-1.2683786291024608,-0.03222478316236016,0.3318504486860962,-0.0024226225948810304,-0.14458549254368525,-0.07968932351670106
-1.2696992895038268,-0.034121432519572045,0.33361371379145977,-0.002198811448740637,-0.1421935290513763,-0.08006098757963973
-1.2713142510778792,-0.03630310984360424,0.3363522367754804,-0.001954285068101214,-0.13919567738045305,-0.08090705970488392
-1.2723171442079773,-0.03722261399979849,0.3347746434733298,-0.001959329965186625,-0.13859313436311524,-0.08105657951703135
-1.274263248282217,-0.03735867416247376,0.3327921633792505,-0.0018886201376645821,-0.13796959587066845,-0.08082650592345861
-1.2770789146047796,-0.03737866939777263,0.3305296749667862,-0.0018774147881254742,-0.13731445846882895,-0.08098609676665024
-1.2801742555070752,-0.03697374261490298,0.32810856224937057,-0.0018213257238614204,-0.13613779537016324,-0.08127716073842817
-1.2822122533018558,-0.03717476639843437,0.3268435549421114,-0.001681492202172001,-0.1341901198465374,-0.0819716800704998
-1.2855580531039914,-0.03718853099185343,0.3261646543363129,-0.001540083007182682,-0.13281146893166307,-0.08229053104315003
-1.2877654752794427,-0.03761486470852892,0.32618354943951033,-0.001224127070500013,-0.13163918576231964,-0.08206538452461654
-1.289829322193727,-0.037393797103613666,0.32507186659494924,-0.0009673634077757667,-0.13011921318511224,-0.08192941892281849
-1.2916412749893575,-0.03731982539572445,0.3243820672377603,-0.0005917033604723081,-0.12815458939769217,-0.08181646707058585
-1.29352204633981,-0.03686175159746488,0.32224104584172225,-0.0003364783318526688,-0.12727376468661233,-0.08193130727581587
-1.295083704694692,-0.0376094914923196,0.3228797055216399,0.00011024390424315035,-0.12568020406934677,-0.08200496903766966
-1.297943595012551,-0.03673818040305499,0.3202818992015686,0.00033712492375161796,-0.12568331883003284,-0.08189993898713477
-1.3001136498285573,-0.03690039177089813,0.31905056720000946,0.0004588329725045393,-0.12553736082969355,-0.08167508360260552
-1.3016853545378335,-0.03714136562540601,0.3191857375233273,0.0008315997517573659,-0.12399885914511484,-0.0814991415506605
-1.3036098810207277,-0.03798278463964185,0.32066180127985794,0.0011191628912253103,-0.12187970187773525,-0.0814152264629881
-1.30467368499838,-0.03860771690828909,0.3206385248136714,0.001355271481595261,-0.12052804487940438,-0.08140157321524731
-1.305888918519258,-0.03908155514458545,0.3215427222661914,0.0017780366276786642,-0.11863735716077206,-0.0816214633505575
-1.3082155449246584,-0.03743559940322274,0.3175707106141797,0.001911783511069026,-0.11895783837158086,-0.08150610622458096
-1.3097644834473054,-0.037168254737669486,0.31523117777787824,0.0019339382070061493,-0.1195591619888816,-0.08096073723276545
-1.311390784622381,-0.036882776819453775,0.3142933296768588,0.002166030160846217,-0.11868764439302552,-0.08069569822200767
-1.3132587815034429,-0.03670494883804886,0.3140000884193429,0.002337808498050723,-0.11750168298459285,-0.08052685048639337
-1.315108822091333,-0.03692489325113007,0.3144810555275741,0.0024757437656456487,-0.11593245264528985,-0.08031687723354262
-1.3158604017601836,-0.03744436101771414,0.31441165051991204,0.0025447383861391774,-0.11511887059392359,-0.08021889186624495
-1.3169304169147986,-0.03776659099182765,0.31490574929591464,0.002815848973117349,-0.11375902727367393,-0.08003093554152368
-1.3176656360979218,-0.03749907373831049,0.3127824416439139,0.0027765320037726597,-0.11409951653762154,-0.0797599634581832
-1.3194996048446364,-0.037483359536785686,0.31267462315337985,0.0028932561485824895,-0.11372215639425343,-0.07940060657089988
-1.3203304129111761,-0.0370205165663369,0.3105860734661224,0.0028997133969146946,-0.11396296874319595,-0.07899854784796027
-1.3211411858767288,-0.03669325041171679,0.3098771038377646,0.0031931396130216423,-0.11374707607654823,-0.0785410828488015
-1.3218771548649024,-0.03748577123975172,0.31017014912532515,0.0031646564505863465,-0.11365896176277515,-0.07813477027449943
-1.3229416165760746,-0.03776057529825437,0.3104305284643581,0.0032680852516408614,-0.1132970463283795,-0.07779438846823172
-1.3246189321576913,-0.038344219684546155,0.31195522400253883,0.003510682202783173,-0.11266811323238499,-0.07757223370784792
-1.3253881948692594,-0.038212428978116754,0.3110814587030477,0.0034980766102480575,-0.1120661718458045,-0.07746310454720574
-1.3264544087142132,-0.03834888574000389,0.31101884416869924,0.0034928977749071927,-0.11148095176220747,-0.07729632091662729
-1.3278293070197853,-0.03793129224455875,0.3100619383088056,0.003493268030624143,-0.11094626665383273,-0.07713918433651605
-1.329425870700412,-0.037941802036598374,0.3102400955694095,0.0035503822544887312,-0.11064147027408525,-0.07677477219704142
-1.3304127979622276,-0.03791508819811116,0.3107824116995039,0.003754993060791194,-0.11001775665521182,-0.0760646366826798
-1.3322251896313906,-0.036893907561349096,0.3080305185359306,0.0034543157082420712,-0.11087176752933561,-0.07562252294291898
-1.3324674738544129,-0.0373798798816042,0.3073692601804678,0.0033397358496993898,-0.11170988067536379,-0.07503252578727515
-1.3336386306217285,-0.037068829730850975,0.30615523161800523,0.0032067961513886347,-0.11226912251886129,-0.0746408867477068
-1.3344901085451935,-0.03733394160667594,0.3067213405254409,0.00326362529469279,-0.11240588951864228,-0.07414700657072874
-1.3347291007507958,-0.03785923400041156,0.307370493726617,0.003267159934978774,-0.11212059710128823,-0.07373818537755672
-1.3351556787758871,-0.03870627804224411,0.30821118115458934,0.0031379017378710735,-0.11220106867044757,-0.07328974302778374
-1.3361985404943404,-0.03848426028415625,0.307507563387671,0.003052523732754432,-0.11256205597547117,-0.0729242138727761
-1.365981293114576,-0.8500990805734615,-0.7746180258570794,-0.04196409527365087,0.2904958540932841,-0.09796504982260687
-1.368060175986431,-0.8492512362977817,-0.7738851173017123,-0.04173130703606564,0.2895439950223165,-0.09837315627718807
-1.3702655214446415,-0.8480222110241589,-0.7727546807039314,-0.04120181046255668,0.2888470329920525,-0.09866249672219671
-1.3714798683273455,-0.8471728280881375,-0.7721240650997767,-0.04080151526456302,0.28838664388168606,-0.09872409596020593
-1.37148428778104,-0.8465365397241149,-0.7715086842812021,-0.040277812954783686,0.28756182137216646,-0.09868673604267428
-1.3723500583232087,-0.8456974473470689,-0.7712232118202182,-0.03991974201186356,0.2870151138888563,-0.09856608095851215
-1.3731711813144583,-0.8450571307539779,-0.7711820190040485,-0.039744984073591366,0.28642501069264403,-0.09846828473266861
-1.3741313123307075,-0.8440069712998581,-0.7715162136085615,-0.03950538488199512,0.2854850739877587,-0.09840578363493674
-1.3755672772284067,-0.8435466840032451,-0.76990043611849,-0.039242516905817676,0.2854005639973186,-0.09839415623156357
-1.3764804758478493,-0.8429067104331694,-0.7695617858165175,-0.03907975044555544,0.2844254396966382,-0.09836066962324926
-1.3769594020147724,-0.8424092772268005,-0.7687107520929927,-0.03884770197799322,0.2840366386466921,-0.09836173464654763
-1.377498332178696,-0.8417335777281006,-0.768204969669428,-0.03862581031606767,0.28354414783135223,-0.0982372178224434
-1.3784996821493367,-0.8409588325208919,-0.7670118317086827,-0.038176394377403465,0.2833108314981943,-0.09773283258738037
-1.3787534199278342,-0.8403361158092729,-0.7670576879475401,-0.037971950116636115,0.28291708602981575,-0.09750326949864477
-1.3785119529134322,-0.839996349555446,-0.7665382008674982,-0.037686815887874835,0.28280787717516703,-0.09704363778777617
-1.3783471688359463,-0.8394028978790061,-0.7665351964250009,-0.037399151541576144,0.28256575472068274,-0.096661854517844
-1.3783436276963972,-0.8388156616856172,-0.767049334045082,-0.03720049299914189,0.2820938583973859,-0.09630159571863849
-1.3794567208287507,-0.8375718706998321,-0.7666102204991596,-0.03662616036151536,0.2818241112244428,-0.09594823090030093
-1.3799498060559885,-0.837112764665423,-0.7652904739079316,-0.03611145977561798,0.28158148708401354,-0.09595352365659829
-1.3819773607834969,-0.8365896286487889,-0.7644351289829013,-0.03597713625917151,0.2809908377929549,-0.09626252744621544
-1.38432882294243,-0.8357761288064213,-0.7630586692508682,-0.03572479794096374,0.2808631221747736,-0.0968448554172643
-1.3864511743652386,-0.8350684024382962,-0.7617350401804128,-0.03543197079535231,0.2805242844232863,-0.09748492271016863
-1.3887820231604073,-0.8341705340414,-0.760177558333422,-0.03506174771942425,0.2808757479764147,-0.09797562094146343
-1.3905536366681053,-0.8328799669919956,-0.7593015601235193,-0.03455630975138835,0.28132387071002746,-0.0981714979123657
-1.391977556110255,-0.8315191514421811,-0.7592360243159374,-0.034245873622472105,0.2822911666255866,-0.09789465968208527
-1.3923087344278413,-0.8300466465861789,-0.7592740893389717,-0.03373083835774522,0.2838176755217177,-0.09698364403297578
-1.3912199604250068,-0.8290700342162914,-0.7601093895792607,-0.03328706833780418,0.2850825384841549,-0.09536991003220426
-1.3904416206276315,-0.8281346650435273,-0.7609968194243834,-0.03292054464064442,0.28608527912814324,-0.09352262877833134
-1.3894431259745574,-0.8279754240437031,-0.7612597356343908,-0.032729753318754704,0.286593741322111,-0.09215594174393776
-1.388226441643859,-0.8282560481534844,-0.7613463627390034,-0.03282135325640878,0.28634805376661115,-0.09096402376936652
-1.3877648278672152,-0.8281453936112242,-0.7614465062764695,-0.032925487294595046,0.2860171855090585,-0.09007154676465598
-1.386866991365048,-0.8278014340682109,-0.762353777091879,-0.03313629039888489,0.2853684769937014,-0.08964684099374717
-1.3868447559930763,-0.8275022169176941,-0.7621763023839243,-0.03333065849485205,0.285162355851508,-0.08953228312109413
-1.3865880715240697,-0.8265662122221423,-0.763104412116121,-0.03343806299064035,0.2850096628835678,-0.08951591863110889
-1.3864154791323517,-0.8257533061510351,-0.764142359813479,-0.03367335908760027,0.28500067211933816,-0.08972492213178472
-1.3860961516595423,-0.8249591336196238,-0.764724655158472,-0.033758385246862845,0.2852920163888101,-0.09036223871200885
-1.3865554858153462,-0.8242058162191297,-0.7653483917787305,-0.033947087795095435,0.2854613366913597,-0.09110900603967174
-1.3871167780209712,-0.8235531384006987,-0.7654114378995269,-0.034042775227050175,0.285851667722199,-0.09227943696480063
-1.3880888204448483,-0.8230423549034741,-0.7650562849536958,-0.03407941124020432,0.2860240964281962,-0.09344700858573604
-1.3891198136339802,-0.8231006701274326,-0.7646588652633263,-0.03431717901593972,0.2859871921886809,-0.09475278015878993
-1.3911207824828389,-0.8231806470978196,-0.7636997334971084,-0.03442368010475598,0.28538334101239404,-0.09587284807323897
-1.3924800683195742,-0.8239034734346207,-0.762423022906211,-0.03463282018109904,0.2847421291900832,-0.09719063286812038
-1.3936263765689616,-0.824459585190624,-0.7619668911559461,-0.034845009173841056,0.2836146935094214,-0.09818918586440684
-1.3953209743540793,-0.8253892530483341,-0.760401696455721,-0.035007498447925514,0.28349776757598794,-0.09878774208250535
-1.3959146866096557,-0.8261093376356691,-0.7597752070117875,-0.03499215647961003,0.28326617241188556,-0.09867456877873208
-1.396871626023792,-0.8260857612598344,-0.7603544376167235,-0.03498842695132519,0.2833531895775136,-0.09770541523402924
-1.3969356403085467,-0.8262674251980596,-0.7609057752010092,-0.03498938167184032,0.28401232405246624,-0.0964169297890087
-1.3964424578251904,-0.8272176951751425,-0.7612064400808246,-0.03528265452987117,0.28457672349401764,-0.09483947984637164
-1.3951016402491367,-0.8279368420387502,-0.7619989012910033,-0.03560459130903726,0.2854579764025361,-0.09313280462282476
-1.394095307918948,-0.8287322349007977,-0.7622995026390494,-0.03593050233808698,0.28589247166778003,-0.09153675292823456
-1.3926723707142774,-0.8299557172285942,-0.7624708306930961,-0.036558321534618604,0.28623267237608435,-0.09043814467970619
-1.3912593188548514,-0.8307170147431934,-0.7639251646597364,-0.037349249577954186,0.2850875096578078,-0.08967185608718702
-1.3905474284338313,-0.8315921293438422,-0.7637487969838137,-0.038045874957889275,0.284124398525634,-0.08945050072521224
-1.3893362136625764,-0.832134996992615,-0.7648768497218689,-0.03893892440229176,0.2821286908150174,-0.08974100907633244
-1.3884318583849746,-0.8325866791660049,-0.7657014427437457,-0.04003251182036414,0.2797881658587096,-0.09074510406141922
-1.3884415960962868,-0.8317516346783376,-0.7666615333598532,-0.040724273723733696,0.27707964274896757,-0.09176075057972327
-1.3881114607852074,-0.8312291885064313,-0.7676804909570417,-0.04155943030542341,0.27461696841571914,-0.09295528776588452
-1.388084937942757,-0.8304390793865474,-0.7671426688717917,-0.042009089025669834,0.272579573567561,-0.09448276047455434
-1.3875143860245343,-0.8300395392981108,-0.7671262075956541,-0.042817375776894324,0.27055233603772166,-0.0963577964344226
-1.3871557280196851,-0.8292061494599573,-0.7669795561022974,-0.04346546420149507,0.2683151515766514,-0.09847938644121305
-1.3864155081683314,-0.8283256549595174,-0.7675282985655266,-0.044374709834389084,0.266027197734932,-0.10114788123313759
-1.3860453208639314,-0.8273045243728714,-0.7671617973406505,-0.04499063622689769,0.2641453830771283,-0.10372549289795716
-1.3855717857941448,-0.8267635565946362,-0.7669647858286843,-0.04592709852468201,0.26175021394464887,-0.10657649191858498
-1.385297595402496,-0.8263181256894857,-0.7659010652958761,-0.04673195328195015,0.2597043785448966,-0.10960332647607635
-1.3851831094241078,-0.8252829896895931,-0.7656809122072288,-0.047520051370295004,0.257088165564258,-0.1122886552976851
-1.3849284078295072,-0.8246366770465023,-0.7642060991837201,-0.0481951913907314,0.2550050837976229,-0.1150792667528917
-1.3840949059827972,-0.8238934744370656,-0.7630669936352371,-0.04876063522412012,0.2536152755306189,-0.11724525680389422
-1.3835713616457441,-0.8228717510633478,-0.7625049480202938,-0.04926838739202081,0.2523108059935417,-0.11889708839127223
-1.3822513426671779,-0.8217549337081309,-0.7625112831886751,-0.049712099496973944,0.2510121120161007,-0.12020582455855461
-1.3810689130311455,-0.8207407555921097,-0.7618508128819811,-0.049939380124175585,0.2505269494647303,-0.12103433595042977
-1.379313261904141,-0.8199696176782325,-0.7607812790865127,-0.050055352232584005,0.2505106752360897,-0.12146403709028787
-1.3777635331289653,-0.8189319610783673,-0.7598692267968759,-0.050051989007587276,0.25083040324840744,-0.12082036966867844
-1.3768019249719294,-0.8178209919629741,-0.75910076260698,-0.05011294339187891,0.2506675033624585,-0.12031022067625045
-1.3750212833998767,-0.8172263417986907,-0.7581165909391253,-0.050152452748822254,0.2504748211499287,-0.11939038183587168
-1.3747759417421517,-0.8156198194555246,-0.7566442705625467,-0.04995926549702331,0.2502976344940414,-0.11866585502617767
-1.3736710095852933,-0.8139864477818339,-0.7565257516995653,-0.04982992042655753,0.2496444447386704,-0.11721536690250266
-1.3733504023164533,-0.8117775871789124,-0.7554587924770035,-0.04935472751059546,0.24900794175961946,-0.11575996704439662
-1.3727788934139216,-0.8098712485803466,-0.7547256177876607,-0.04908163711481238,0.24829941354877444,-0.1144548223183919
-1.372320782618926,-0.807953246931129,-0.7537659770766162,-0.04873966377365267,0.2476795669136669,-0.11297061167441447
-1.3723784537512498,-0.8060692273484663,-0.7528754445970134,-0.04850836190965563,0.24687915288550838,-0.11195254756537969
-1.3725374230613154,-0.8037875493518534,-0.7520098899861527,-0.04811904439237595,0.2461998167943992,-0.11106530623347657
-1.3735119575242554,-0.8015974496184698,-0.7504528852658726,-0.04776786249304313,0.24562778577717728,-0.11068643778532772
-1.374333225778299,-0.7999600176784144,-0.748623957387728,-0.04756548372798858,0.24478814291883497,-0.11047905233703854
-1.374725069064647,-0.798374590413456,-0.7460720917784252,-0.04716557051592132,0.24434200689606828,-0.11030030178935084
-1.3746234253941867,-0.7968460207398212,-0.7440731512651169,-0.046847626315931916,0.2440277965056878,-0.1097495222995687
-1.374035718494751,-0.7956342771571393,-0.7424546384200952,-0.04677529914298547,0.24326901281553823,-0.10976792118299142
-1.3746347667720749,-0.7943759314954801,-0.7400248878748455,-0.04674748306422787,0.24228451111152577,-0.10983898939837933
-1.3752961361019165,-0.792204051205801,-0.7378976532124896,-0.046334722745755084,0.24208907967820323,-0.10917232677292547
-1.375982584375518,-0.789807027027235,-0.7360938140930763,-0.04594483449465155,0.24081229280492697,-0.10846272776210303
-1.3778603379055154,-0.7874968989543232,-0.7328189737687885,-0.045569257465830425,0.2403511171695619,-0.10774740885100864
-1.379445850631785,-0.7849792782176992,-0.7305903187144785,-0.04534666902169548,0.23914955426145684,-0.10739109544066355
-1.3803404623541093,-0.7827566607056843,-0.728732650329346,-0.045145482623716184,0.23781205762532034,-0.10673650706579543
-1.3846240620572325,-0.7784772275239482,-0.7274031726567393,-0.0445659953157109,0.23619297609169274,-0.10646887906840213
-1.3875524237735146,-0.7755827749674999,-0.7262504153321391,-0.04454130812232562,0.23539357389385268,-0.10596873472142224
-1.3888578835291663,-0.7733919912840047,-0.724613854473909,-0.0443969680181669,0.23520152020753868,-0.1052463512008047
-1.390738121537373,-0.770439572168777,-0.7228610817054149,-0.04376959658834745,0.235233115103973,-0.10393845713882685
-1.3921138082921085,-0.7680298009467562,-0.7208197442939716,-0.04318112386800131,0.23480743883434968,-0.10249119167244078
-1.3950715943833027,-0.7652965667112075,-0.7185578293801766,-0.042651474325223725,0.23473817654900772,-0.10104965835322925
-1.3986925834626152,-0.7623172863619042,-0.7169262407097241,-0.04217614694864811,0.2340431884672702,-0.09997942314865187
-1.4007282363053264,-0.7606757817093639,-0.7139062781214902,-0.04185583043687717,0.23410945318271761,-0.09830447247850058
-1.4038840961522137,-0.7581072661536948,-0.7118112284091321,-0.04153441183043267,0.23346155879356842,-0.09701763203630437
-1.4059567751268323,-0.7562901509664154,-0.7097361117972107,-0.041332701738668244,0.2325574573193623,-0.09570732923760959
-1.4093188831310193,-0.7537005226152276,-0.7070902117397552,-0.040830856313385684,0.2322615359635516,-0.09412368053188239
-1.41255229507215,-0.751096916011846,-0.7048155987238847,-0.04049794895559309,0.2312766742305063,-0.09305483669410673
-1.416900886556804,-0.7472498530480185,-0.7030511642882116,-0.039769044788107936,0.2303709098753225,-0.09158275862543662
-1.419129445816916,-0.7449677927132594,-0.701027994994008,-0.039213060005791424,0.23045106570058776,-0.08922587202246668
-1.4208157469003293,-0.7420104742796778,-0.6983387801196635,-0.03823954594422882,0.23106217525183184,-0.08674124089102826
-1.4224470515500522,-0.7390417054508066,-0.6974079840365753,-0.03788069763675223,0.2310274450757732,-0.08506016551970758
-1.4262054206525707,-0.7360214676971752,-0.695120313922219,-0.03741903791433469,0.23108112401193873,-0.08294339392259949
-1.428984586228448,-0.732006171465659,-0.6944210009673576,-0.036621384990857236,0.23098547842543607,-0.07958350638567399
-1.4316729003221358,-0.7283506465465645,-0.6926968764300656,-0.03588756475092932,0.23088941305394745,-0.07716558994344533
-1.4324820685369688,-0.7260045143647789,-0.6898494184823699,-0.03533030111192523,0.23075481282088992,-0.0750867261648541
-1.434101032890299,-0.7225007805147243,-0.6887534334031031,-0.03489672199453099,0.22994586278700355,-0.07250959977099043
-1.4378410128831833,-0.7192308104606572,-0.6846120379509311,-0.03419500926853206,0.23001315534011807,-0.0708893477005584
-1.439981264766555,-0.7159618881395325,-0.6822307285168754,-0.03364208348361101,0.2307741106378821,-0.06833243646600609
-1.4418052681544624,-0.7117793279411317,-0.6810875981144279,-0.03295193701633017,0.2296037509255894,-0.06667135140541497
-1.4448436126796869,-0.707356332551945,-0.6776664047020473,-0.03200123723811148,0.23036394682358965,-0.065148718080901
-1.4459487621631142,-0.7043111841468203,-0.6745363816358457,-0.03141928893998202,0.23069179401644016,-0.06402726291024335
-1.447478420457599,-0.7003185967641757,-0.6728259535367785,-0.030762962997453815,0.2309850412966089,-0.06193341572865053
-1.4489499419637382,-0.6963032595435902,-0.6706499716823485,-0.030106462830098133,0.23119881338852058,-0.06048282545163026
-1.4490207523900687,-0.6926404972577773,-0.6693588791228766,-0.029779200607990712,0.23005211551813498,-0.06011650614042984
-1.4504603168295305,-0.6896216036069724,-0.6656954702671595,-0.029240741484240034,0.23004282731799283,-0.058936927067274866
-1.453056633486975,-0.6846483536602077,-0.6641206645473805,-0.028587231427839102,0.22977783624904718,-0.05750339931827327
-1.4544754272773925,-0.6806157050778797,-0.6615564572911392,-0.028090350437951307,0.22879602919063025,-0.05693162330268173
-1.456796290419863,-0.6765069703437069,-0.6581963391933282,-0.02744559033265691,0.22751519601019995,-0.057336984917860205
-1.4574664869814304,-0.6732326912422147,-0.6551043231554927,-0.027165976038590254,0.2271985142205367,-0.056618083975929795
-1.4579098304563782,-0.6699023190758434,-0.6529661225821038,-0.02697716050514314,0.22685996093972327,-0.055732491255174106
-1.4596802980491779,-0.6657651016674266,-0.6501383383117272,-0.026499854343073104,0.22613883197493578,-0.05576370307502349
-1.4604133195843383,-0.6619152526921485,-0.6466951304168089,-0.02592022829930015,0.22609614014982882,-0.05521491852156174
-1.4607365162385535,-0.6577210387591251,-0.6442678171737724,-0.025321262511853033,0.2267709989293848,-0.053608740936731875
-1.4609521179132634,-0.6533231904393414,-0.6425405877981623,-0.02483475112873713,0.22664085148092286,-0.05165659417251908
-1.4622872175971562,-0.6485449279756434,-0.640841540326694,-0.024308000881371295,0.22616330114363367,-0.05038274211869106
-1.4610873619524427,-0.6449551057984769,-0.6386656396820537,-0.023947041323449325,0.22579564729892534,-0.04890509327022315
-1.4600938678944155,-0.640914883116764,-0.6370801340343283,-0.023668058572492916,0.22533070335394512,-0.047400035236964254
-1.4588485310593025,-0.6370909896648954,-0.6348512326145096,-0.023245723445643875,0.22486205606639637,-0.046048697733441404
-1.4590143792903845,-0.6337463299496876,-0.6301860933474445,-0.022742737099572048,0.22400392406697403,-0.04567583446608359
-1.4609216048892304,-0.6285974014635372,-0.6281668198068171,-0.022210700946231038,0.22292125477729138,-0.044998462805198994
-1.4614642698850941,-0.6243639554785813,-0.6255884468677525,-0.021744137352417803,0.2215120815646431,-0.04460131488022961
-1.4613031737947035,-0.6207769938035315,-0.6230087488123107,-0.021368732033035596,0.22074462014838547,-0.04349970805977146
-1.463955167341709,-0.6160765457220213,-0.6195647808964129,-0.02098015978556309,0.21979420754572818,-0.043802399235505406
-1.4654802606707045,-0.6119792575818894,-0.6159256298409113,-0.020301434757455675,0.21868759622866307,-0.0433067686284085
-1.4679236280696384,-0.6064364571179872,-0.6130465662537087,-0.019349055275120458,0.2172772427786305,-0.04334056566483722
-1.4680457086187915,-0.6023425030419516,-0.6110738619480474,-0.01876411820719164,0.21631598389981146,-0.04209190581830348
-1.4690616781927384,-0.5984437877895649,-0.6079845231363767,-0.01839547602990962,0.215143519945419,-0.041725850439410586
-1.4717247341366246,-0.593851713344218,-0.603790432127556,-0.017561861846595167,0.21354443600569498,-0.0419598996905825
-1.4746462000203198,-0.5897033260197853,-0.6001504486899535,-0.017326822638869862,0.21192452412244447,-0.04233566688273467
-1.4787419299357523,-0.5844756563061478,-0.5970593411895131,-0.01664636274382483,0.21075834635682877,-0.04188859739110526
-1.4781518905996054,-0.5808108745764321,-0.5950157036230651,-0.016490867570951345,0.2088141044683387,-0.04157709502172408
-1.4808552080566353,-0.575720158728932,-0.590503828242487,-0.015296554888035767,0.20795629533735713,-0.0408263720402744
-1.4833911113073908,-0.5710203603942223,-0.5847379000622179,-0.014108113420683462,0.20707634496654734,-0.04024451818145775
-1.4830166045215274,-0.5669581507195636,-0.5814208205442775,-0.013368771213192543,0.20616326183453626,-0.039239699399374633
-1.4852764109829109,-0.5609241077395005,-0.5786571509893994,-0.012387476171095306,0.20647806610599853,-0.03766100885839308
-1.4868589863639776,-0.5556109340453752,-0.5754471343757002,-0.01126630457909973,0.2066273840635707,-0.03551454100098391
-1.487765425761883,-0.5497853088904693,-0.5723732853757912,-0.010071637774210676,0.20650296449184125,-0.033378279109546674
-1.4866917840197795,-0.5454183723450898,-0.5702324893506429,-0.00943799247106431,0.20526868732085468,-0.03175889219417678
-1.4873230543908686,-0.5400580663579604,-0.566364754416104,-0.008151887604089532,0.20507386198340433,-0.02961859013293449
-1.4891865081191515,-0.5338910663250377,-0.5626161545574615,-0.006700780119620619,0.20470590217028845,-0.027433996510540914
-1.4903433609167134,-0.5283384145592774,-0.5597782531379937,-0.005799539684008547,0.20381177435175898,-0.02568071634762692
-1.4888455230917916,-0.5231575692996605,-0.5570713420107676,-0.00460973692839955,0.2018904229562165,-0.024034561732698505
-1.4922338522714962,-0.5165645523424169,-0.5518870746852519,-0.003166434006649901,0.20185474514063248,-0.022427867875506317
-1.4918664371909724,-0.5113782013707607,-0.5490836916881638,-0.0021998450191754865,0.20122185827176223,-0.020570751356201847
-1.4928761392154986,-0.5055340211824557,-0.5452450631779893,-0.0011779598048663022,0.20126478976166887,-0.018761961616231948
-1.4939399763428887,-0.4991480732066724,-0.5403190129736283,0.0007279841273381767,0.2010023894889179,-0.016789078788170785
-1.495845138498812,-0.49343167841871705,-0.5356506125385485,0.0016889433800698769,0.2004258689710134,-0.015662155881005745
-1.4974241164322541,-0.48728949194859383,-0.5313865942502655,0.0030523428854611614,0.20014269193648307,-0.013684395074362164
-1.4990368467177335,-0.48121731447086397,-0.5272281162283963,0.004070863894400673,0.19940530743585064,-0.012172160386055406
-1.4974504951623475,-0.476175724779536,-0.5241668939692757,0.004977558658627805,0.19870094590130946,-0.009929184468816661
-1.4983878115035192,-0.4701038854503312,-0.5203059381477562,0.006117908802902691,0.19752584450746138,-0.008351289803119638
-1.4999338865225647,-0.463708294150417,-0.5163603888263176,0.007134632689679784,0.19637002484731206,-0.00633414498140439
-1.4976796498320406,-0.4593060751795688,-0.5125416973692031,0.007890803063756969,0.1947961151827066,-0.004221415038635641
-1.5003058243405323,-0.4523007003067001,-0.5084229983276854,0.008948913005218188,0.19408186849347714,-0.002302297054802402
-1.499115817241934,-0.4465759803194276,-0.5051874582245085,0.009912721251021545,0.19228772564199575,-0.0003005639572846865
-1.5000559120135795,-0.4404445074104708,-0.5005207848560006,0.010709300701841267,0.19199302583123226,0.0015677167236231406
-1.4994282383126372,-0.4341975150737062,-0.49585438759601275,0.011990277591198556,0.19133726139843965,0.004300748340633663
-1.4982794791806238,-0.4277632408400712,-0.4918964224915065,0.013151044287838727,0.19033476757479045,0.0066366565021686325
-1.4992551006500536,-0.42087942713057797,-0.4873803205879514,0.014360134575380708,0.18886507150403667,0.008105392733147325
-1.5001415064403263,-0.41392940184840454,-0.4831546485659773,0.015551048709910073,0.18752794815661764,0.00933874634350613
-1.4985924498686567,-0.4070716215566852,-0.48008781756552177,0.016735742787586685,0.18626580683403116,0.011508784114376553
-1.4988497823143303,-0.39991238210211605,-0.4754840421584292,0.01803997840362908,0.18478471592864254,0.013459824552443926
-1.4993174769771804,-0.3928641756259185,-0.4713584763697151,0.019170370818262967,0.1827782442243753,0.014996882238616128
-1.49779574428555,-0.3869330022769696,-0.46751517977946094,0.020194837387206205,0.18069578205752657,0.016936392956264007
-1.4972169443430037,-0.38018984014570417,-0.46294803526710976,0.021376424969952065,0.1791195520065395,0.018774752715719455
-1.4951142514221105,-0.3743294470481734,-0.4585023074515157,0.022100811709394673,0.1780160820459846,0.02102305797214516
-1.4937636616170016,-0.36814704043418894,-0.45408530347076814,0.022785311872288612,0.17668426709761753,0.022658660947829583
-1.4882190105899822,-0.3619669752640361,-0.4517324516848579,0.023723350702400354,0.17495663964356972,0.02572670358541406
-1.4861301127346813,-0.3554594906870023,-0.44774196210615347,0.02452015915085423,0.17396760606125164,0.028334645532856247
-1.4820594837556718,-0.34921840476099136,-0.4441769916030078,0.024985590413149603,0.17290064990803639,0.03059521101528714
-1.4755197502803872,-0.34366561798144246,-0.4411166335995001,0.025595281397284092,0.17284827025180474,0.03414889134026376
-1.4712246256719177,-0.3368247229603943,-0.43895576362585687,0.026328865957858754,0.17207029987102132,0.037769057695171554
-1.465622292441561,-0.3304324317658031,-0.43631333280633444,0.02668354635067694,0.17047789886214784,0.039818482162472614
-1.4597172916661691,-0.32453717671832705,-0.43298874677609683,0.027022173069138265,0.1688585304397733,0.042842077251402336
-1.4531985013060673,-0.3191220741058026,-0.4297671514448969,0.027346069926822203,0.1668200224962877,0.04469353200607236
-1.4509930214578806,-0.3127909534767936,-0.4250815417182458,0.02772334877615764,0.16517285947214086,0.04611664114222167
-1.444332109209403,-0.307152696807197,-0.4223446214286637,0.028154986478510696,0.16243766926954972,0.0483200807608026
-1.4379972497071323,-0.30164600328905106,-0.41865101060155396,0.02870334607100632,0.15995276698545097,0.05044692486209278
-1.4375069277265005,-0.29568190820959356,-0.41346356706453985,0.028697919731977578,0.1577374352123504,0.05065348323661427
-1.4321964184539977,-0.29020342940970795,-0.40867924470706973,0.029122120049616274,0.15510452137976566,0.051168084485748444
-1.427718066600911,-0.283472989776535,-0.4046130872150093,0.029790409903938008,0.15287320037880017,0.05228952119471532
-1.424024627227983,-0.2779307869445783,-0.4007102079572726,0.029593465926284153,0.1499239440870684,0.05226468698237683
-1.4216431542634098,-0.2711615836478291,-0.3978606382942703,0.029813665272228496,0.145629093220714,0.05248772558790883
-1.4181867911063977,-0.2651297479287935,-0.3926261793572675,0.030238529949165645,0.14359278465489844,0.05357956791728874
-1.4128043691650825,-0.2602526192993017,-0.38761074842153187,0.03031336165519503,0.1406061188523209,0.05377755641931626
-1.4108870501746353,-0.2536887755231539,-0.38363631751565913,0.030547080596588935,0.13732767214071562,0.05404729238785045
-1.4078261456628538,-0.24726980050907274,-0.37949714832142273,0.031053289820441272,0.13472353174124607,0.05537638697974377
-1.4021730752381951,-0.24168560364456848,-0.37679422263764956,0.03115321646307246,0.13123753446418063,0.05640722480110679
-1.3994349422146595,-0.23654862294452797,-0.3711145336093803,0.030941485987585005,0.1294433882270102,0.05657837024413015
-1.3949641042212058,-0.23064860579066226,-0.3688818336062081,0.031039844500840724,0.12565984923514098,0.0582507205753011
-1.3898270971928242,-0.22424046992527308,-0.3666208398672058,0.03153097716272294,0.12118091697611143,0.05938393450017688
-1.3868026160930924,-0.21894324065446377,-0.36116386100271186,0.031484610215746986,0.11937558807454636,0.05989357246435992
-1.382496481563998,-0.2126712463312706,-0.35807184296328165,0.031707233144294175,0.11719032706407763,0.06179777528017269
-1.3774438232445538,-0.20805942600241892,-0.3537773223234017,0.03177194049497636,0.11332688996183465,0.06175430476703415
-1.3746941943975304,-0.20103172542054398,-0.35040087853292945,0.032318191824415365,0.11074056960270542,0.06294991616179382
-1.368566713824999,-0.19654637090345892,-0.3451820013691063,0.03239942670248465,0.10924293332238937,0.06459402880412507
-1.365351394162445,-0.19100139337856817,-0.3422381864887747,0.03213721102257711,0.10485727279314375,0.06504803332501866
-1.3613991118540487,-0.1852814870219256,-0.3386000321255193,0.03242639659836872,0.10164191394083472,0.06566471141864474
-1.3566094781359295,-0.1795959854098833,-0.33447796010603065,0.03282778584821422,0.10006657296315041,0.06750321200389305
-1.3513092280899492,-0.17553806114338907,-0.32927598629171656,0.03275881188680642,0.09762500822176845,0.06787274159535762
-1.348754004016164,-0.1691768299024615,-0.3268653612946965,0.03280300442397637,0.09406811753349371,0.06866001607735969
-1.3444883490198736,-0.1637509745606683,-0.32307622996344537,0.03326210897030798,0.09089886486146075,0.06999492546809209
-1.3403630001808335,-0.15785699184666688,-0.32151780365016414,0.033108004485502315,0.08648908450929786,0.07014284290612059
-1.3357620418293652,-0.15238380849754443,-0.3186388854316248,0.03297842307974439,0.08374686900637389,0.07083678810250252
-1.3301682305732345,-0.14793504864078627,-0.31430865701976507,0.033102512963445296,0.08101562300160813,0.07199238318992777
-1.327169806363969,-0.14268091757046222,-0.3088479745219161,0.033433131512140064,0.0781188948898946,0.0715904277135368
-1.3234068595473647,-0.13762509215294724,-0.3042598148892597,0.03365568542001976,0.07548866834065072,0.07312531591144808
-1.3175361606827967,-0.13342141376053787,-0.2994018113482862,0.03382033619812541,0.07278302622945536,0.07411641892120943
-1.3138461324146045,-0.1284403162050047,-0.29571446436753357,0.033692750311096996,0.06993598822718856,0.07444841357181582
-1.308944070462529,-0.12419034679384078,-0.29028412492457234,0.03404614319585323,0.06778156436821256,0.07500103099283581
-1.3063302598006694,-0.11822678345320457,-0.2870903821694127,0.03421190974097811,0.0641551700942615,0.07626130600667809
-1.3028975928539157,-0.11314525398153498,-0.28273915913507797,0.034176720913345435,0.06159668610320617,0.07603978600782862
-1.297408001515245,-0.10847598945538205,-0.279657587652399,0.034036216990525094,0.05876769637566488,0.07672957966098418
-1.2922393016892404,-0.10451346324811107,-0.27419501992972267,0.034172372832615844,0.05613634435158839,0.07703724190729729
-1.2901596581705685,-0.09920640720239507,-0.2689083829444126,0.03450513154025168,0.05222557823522838,0.0772842639989165
-1.28661052590537,-0.09496586411363443,-0.2615776712294864,0.034719333378272196,0.05107746275160157,0.07764458804494805
-1.2797051458870614,-0.09139697127230352,-0.25639927952359337,0.03473442264184329,0.04878999841525794,0.07785457023274568
-1.2758195505342675,-0.08622149539809973,-0.2530007061568289,0.03469092152047277,0.04538697696829055,0.07768745790010338
-1.2736814564588763,-0.08006840279393618,-0.2505285333974661,0.03464276500583691,0.04127782520797797,0.0779694560778418
-1.2696602601808533,-0.07519302074912056,-0.2460710405813501,0.034564835638986185,0.03844831413295673,0.0779144912715397
-1.2644683218900181,-0.07055918699596696,-0.24194755194469353,0.03451707800566842,0.03595207691679806,0.07820589197006605
-1.2603177772457723,-0.06773430525207069,-0.2345886509681265,0.034319215140697086,0.03400044134033047,0.07848546007779456
-1.257165293194263,-0.06360881490576757,-0.2273862185312927,0.03464655694051979,0.031177986087206556,0.07811521824310794
-1.2527667960492732,-0.058211405369431535,-0.22479279596918555,0.03449903332138536,0.0274643573810345,0.07821213308441757
-1.2491632819168692,-0.05332633571182716,-0.21917606484234634,0.034704237045701976,0.025321744218913235,0.0781162966304677
-1.2459279951079023,-0.04864482083663455,-0.21404611123333278,0.034521252094213785,0.02241950022040208,0.07752542167115031
-1.241601169329939,-0.04468756710090843,-0.2084085505546842,0.03448226590900727,0.018569961273715165,0.07777037633049984
-1.2373749499428643,-0.041441322451354234,-0.2009334446478031,0.034381880084908056,0.01656949448188424,0.0762843674658017
-1.2342556921228458,-0.03689384723365087,-0.19495865339310886,0.03437829209057355,0.014024740096188324,0.07511105620381772
-1.2320166536377493,-0.0322787631448928,-0.19047642715198063,0.03392089687934315,0.009988056697724497,0.07467650921481107
-1.2293302688703385,-0.026495395469974675,-0.18726945681784934,0.033830597395856275,0.00587644507276966,0.0733371781478923
-1.225061756461437,-0.023753933331888664,-0.17927536084048828,0.03363025104834533,0.004000994721402661,0.0715442152771953
-1.2228263382842488,-0.019818917001885858,-0.17273430321073116,0.033344901617605435,0.000641257233377276,0.06988222119787763
-1.2229150118532484,-0.014994871040293511,-0.16721763757104272,0.03306932598078798,-0.004356177746885799,0.06782463424336664
-1.221727151428346,-0.010711850067832023,-0.15948599195047503,0.03300779861457401,-0.005944211294724458,0.06599450533648173
-1.217233716614295,-0.008169221817954032,-0.15263698795499517,0.03257303564904697,-0.00874528092565022,0.0643240406927204
-1.216501367353012,-0.004114024503541357,-0.1459850541262024,0.032263291523018975,-0.01297926383266792,0.06233379928012298
-1.2144811778024656,-0.00022452689782676049,-0.13911802976105345,0.03208175279580538,-0.015951011786512953,0.060242011438088654
-1.2138279379349102,0.001760047046092205,-0.12774802482004005,0.03172768523312018,-0.016711958200362722,0.057174220700644214
-1.2132638405516605,0.005259261229588247,-0.12134649489384161,0.030959724554395548,-0.020497250193038573,0.05394626679521567
-1.2105041801563792,0.007498619400734894,-0.11206785725791105,0.030791247791882515,-0.022651558919939887,0.05114123979475796
-1.2082927691348753,0.009504909300916286,-0.10250012173217392,0.030634049716024563,-0.024899850364296334,0.047726446515574
-1.2064775011427946,0.012353503924533021,-0.09460186957139835,0.030372337519941874,-0.028019307678795666,0.044402984322442635
-1.2052796163526656,0.014321775827161593,-0.08463271661019707,0.02990069200425281,-0.029005392866791522,0.04050400568941211
-1.2049362932650067,0.015836942265224137,-0.07438209692286782,0.02918044809296553,-0.03113483438545129,0.03625978863375833
-1.2023710034696333,0.017256592687870734,-0.06427529790089272,0.028822723456766605,-0.03258618906635914,0.03218146509488365
-1.200170941275839,0.020072382093217253,-0.05858151013690049,0.028174249085362188,-0.036427223251218215,0.028196258441903606
-1.1992382488789126,0.021506531005285583,-0.04767303590400392,0.027754416053357774,-0.03851351765451028,0.02445548473128181
-1.1969255002588541,0.022403819939644343,-0.036624480300138325,0.027217972759707387,-0.03993132005874418,0.019391477837234827
-1.196188913607226,0.025053571488764442,-0.031094658617125043,0.02624588574593368,-0.04560926403562978,0.015143044439366116
-1.1947603140195422,0.024886883758076215,-0.017541937225225093,0.0257302085806464,-0.046140564205547546,0.01033878520819448
-1.193544206774025,0.0265665662392665,-0.0106377007822834,0.024494752354769438,-0.05065964165350975,0.00618665489983144
-1.1930989619709664,0.028686715512213648,-0.004069548843437653,0.02339446025543516,-0.055235953762489,0.0014144654004263246
-1.1905161517582816,0.028523841853154656,0.006933893637465887,0.022641694415882235,-0.05836470568738961,-0.0031946140774859184
-1.1899065308712238,0.029510182596007583,0.01554329398575963,0.021527111005850055,-0.06341264283658511,-0.00769422717784008
-1.1884548727191366,0.030516008423346723,0.02441649140980065,0.020606671689586065,-0.06672528659027847,-0.013252360539324368
-1.1873624169507833,0.03018601833522775,0.0354854020212266,0.019704104921918982,-0.07128556813281249,-0.01774468365784783
-1.1873233501307363,0.03248186226327804,0.04085851685900481,0.018443241881027805,-0.07738729661416087,-0.022467274791646386
-1.1858536418951835,0.033631474738943526,0.04867708469184594,0.017533864932707855,-0.08177932473484163,-0.02759593228336327
-1.1840098339997402,0.034939589688298696,0.055615604383910056,0.016472125505091598,-0.08633282215022808,-0.032603250212872525
-1.1817489246794501,0.03615250672527679,0.06241303603147866,0.015424347123992481,-0.09084250087464248,-0.0374462666970248
-1.1801846748368572,0.03864965389633136,0.0657719821631486,0.014277103690508662,-0.09668309197202786,-0.041261632982706534
-1.179209614677938,0.0402778326863505,0.07311052595684203,0.013491367817349886,-0.10028755488807319,-0.045297516265808885
-1.178048860107295,0.041831144820591054,0.0799517493408758,0.01274106583141772,-0.10395389371650922,-0.04937245881522488
-1.176318953397437,0.04442354039730818,0.08261288381016077,0.011710457113018517,-0.1098101401479061,-0.052717470502573895
-1.1751265530049566,0.045755223881018416,0.09041674179067502,0.011134698318233851,-0.11244834668107499,-0.05631570703571494
-1.1734929814229793,0.04768487858981952,0.09576843151002917,0.010642721621270309,-0.11614931022067455,-0.05847581611485059
-1.1722298894229584,0.04985870672816652,0.09915212453712074,0.009979108358400353,-0.1215758363201617,-0.06117703532964648
-1.1709750294628745,0.051922241013626365,0.10374185384979615,0.009324767706476125,-0.1258021777652577,-0.06357739424148814
-1.1695302601943618,0.053694628045029315,0.11009617909718572,0.009020614329456215,-0.12775143928080135,-0.06579611352877794
-1.1698835082723127,0.056439029451917935,0.1141332574620237,0.008513389840983175,-0.13113391633097932,-0.06812260238370381
-1.169616436726321,0.05805542205865228,0.1203400337778364,0.008143747073014723,-0.13443748255772317,-0.06979399466257993
-1.1704980322646952,0.06086554526836071,0.12390620741505536,0.00757639656518867,-0.1386638552865988,-0.0713678542453719
-1.1709238158571422,0.06391764590022335,0.12817218273832304,0.007316775790063176,-0.14071737948210764,-0.0730497931892425
-1.1695047006994268,0.06576252317442095,0.13352710564392908,0.007081962889993965,-0.14284578230079,-0.07434891262601266
-1.1708958398557652,0.06846291182520581,0.1379275415152732,0.006763578081885976,-0.14691792101105464,-0.07550155107027876
-1.1720683506637277,0.07115222256005727,0.143120541726755,0.006705100916000784,-0.15016721655134949,-0.07622637942626993
-1.1732804230433904,0.07452354414010633,0.14749747120283038,0.006659954723653198,-0.15270504978320687,-0.0771648951203005
-1.173653277987769,0.07560680160971045,0.15656460968288533,0.006800291567909058,-0.15279278883816874,-0.07832565329111248
-1.1745416591527957,0.07772038221090716,0.16216048581554085,0.006699425467076958,-0.15502494589559795,-0.07897251824843494
-1.1767683203102783,0.08089166713011503,0.1667355012362326,0.006581739234758172,-0.1580503328305301,-0.08007576624425114
-1.1776069748278393,0.08409539367142602,0.17192620906266007,0.006924756043412868,-0.15893857251839336,-0.08048699959451176
-1.17892943849974,0.08675205355242152,0.17691150129816602,0.006964992509010102,-0.16104341397507643,-0.08130452494762516
-1.1798725631351918,0.08772951514672833,0.1853074159633079,0.007046014799313233,-0.16181478156117624,-0.08326800879102617
-1.1815036296967045,0.09058309428865545,0.19260699755234215,0.00756205019850899,-0.16114433336420744,-0.08324210376713284
-1.184240720964658,0.09382433347732673,0.1976697838309116,0.007631292055616278,-0.16237388035951492,-0.08380944558791072
-1.1864490109351165,0.09554532393217968,0.2046097536279747,0.007822070694332828,-0.16390831527663893,-0.0847343604752972
-1.1862333984160742,0.09787471150807096,0.2097830614132498,0.007970702816485563,-0.1641221656988476,-0.08496882942263334
-1.1880520771858707,0.10024142858408835,0.21717240638680715,0.008609468124764588,-0.16348995716411202,-0.0856449408835022
-1.189256542073979,0.10285253827161157,0.22208368505926881,0.008878177193298045,-0.16427670390162052,-0.08670041621237543
-1.1912276848750456,0.10543809749595147,0.2261552100579216,0.008904323202700782,-0.16531093454908002,-0.08780009478859993
-1.1926457598520843,0.10876728207223244,0.2299531300904446,0.009233978602174365,-0.16579804462382786,-0.08805663193238013
-1.1969123555752117,0.11265380907338834,0.2347251276132822,0.009743881872866457,-0.16593167334369763,-0.08864925040970514
-1.198160359479474,0.11549597523700955,0.237883747752184,0.009856604554825402,-0.16694832629831938,-0.08973344406308034
-1.1968714904122637,0.1168794123110675,0.2410053951061426,0.009778699236246463,-0.16865850968335008,-0.09030801118178373
-1.195704570842082,0.1193966258418372,0.2426887450494462,0.009966872038059441,-0.17083981461520548,-0.09040112589136641
-1.1951124709586347,0.12143159448788336,0.24400857972787915,0.009726100489228628,-0.1731110785188574,-0.09152278311895708
-1.1947092444190988,0.12421836891488099,0.2446052049527609,0.009700208947699965,-0.1745708419620632,-0.09191006882186122
-1.194972441708776,0.12663742284984333,0.2456492592385721,0.009552539350052337,-0.1764732324322724,-0.09255767490840838
-1.1945468807176867,0.12828213642644742,0.24751979797269938,0.009359684686909515,-0.17790867171155209,-0.09309602254295948
-1.192953300077727,0.1291001416700661,0.24940642541268437,0.008992630366863189,-0.17957962222194568,-0.09333030302325802
-1.1913639970767869,0.13069346490299377,0.24941810637546133,0.00853326520181988,-0.1815809079177816,-0.09388647332857775
-1.189729462578027,0.13288644480015574,0.2469385341575064,0.007873230808651191,-0.18405643515248732,-0.09463386135330581
-1.1884387251308346,0.13442147603842894,0.24621233420478517,0.007270758316440139,-0.18592447296983605,-0.09540037679436894
-1.1876949130061338,0.13693555501381982,0.24333014768195,0.006523552311708407,-0.188230219246399,-0.09612007201494233
-1.186311022297388,0.13885778082333472,0.2418070750457421,0.00578061273583162,-0.18984313121246812,-0.09713779790284661
-1.1858127377107552,0.13995963095353017,0.24131960810801303,0.00501475030781057,-0.1920501257340326,-0.09811432362041539
-1.1841320001966167,0.1406199890777264,0.24150083995809077,0.004235653061562935,-0.19285572721693617,-0.09964168828885665
-1.18414429870181,0.14171065855689363,0.24116520147905446,0.0034781360687534428,-0.19483884212816183,-0.10078196310716465
-1.184398484579693,0.14484050975904725,0.236482592699716,0.0026091458304511985,-0.19742864587221623,-0.1025588191151587
-1.185053575250886,0.14706801802873232,0.23290281360897241,0.0016364903643079,-0.20086344511607968,-0.10407730619607262
-1.1853588024259936,0.1483992936006544,0.23150176994129143,0.0007662620224139051,-0.2028805336045071,-0.1057469281953781
-1.185088769121181,0.14841814124398334,0.23257099059649475,-2.024172056710939e-05,-0.20441573673964086,-0.1071244722282274
-1.1858370829996983,0.14975381877810284,0.23135696224566157,-0.0007271065561199805,-0.20631414183277474,-0.10872187990315613
-1.1861816084342012,0.1508383802232229,0.23011278624245549,-0.001511331450438218,-0.20757459285603644,-0.11043452301725577
-1.1867312623287962,0.15174026066468171,0.2299140543182423,-0.0021163905001842166,-0.20802372235030916,-0.11201288599314338
-1.187188501076402,0.15257303126942004,0.22891355575056016,-0.002816905513773593,-0.20870670782922252,-0.11327995185113347
-1.1883019830625503,0.15294787167957682,0.22923841079284318,-0.003439944877079695,-0.20902039330228606,-0.11433223308579349
-1.1881898645061726,0.15321545699298458,0.22976475233683097,-0.003772471427735345,-0.20878896924674778,-0.11533348467929105
-1.1881583484399683,0.15249409736225786,0.2314572501337341,-0.004142113799291686,-0.20856818821678796,-0.11574682889857078
-1.1881523419949371,0.15265190142984486,0.23143883363772602,-0.004547962624778837,-0.20818016690715566,-0.11626709248990823
-1.1880811694583213,0.1521746695200664,0.23258257041725083,-0.004844757882605507,-0.20803918334695143,-0.11661393336848291
-1.187977216471728,0.15160707325602968,0.23436874335454833,-0.005053877742211675,-0.20715091219225065,-0.11690145246444435
-1.1880038819070158,0.1512643157674871,0.2350083046531255,-0.005343060589915571,-0.20649418924466653,-0.11709716917186581
-1.1883370023011939,0.15038685543319785,0.2364090325468558,-0.005638864929559361,-0.20630303775280967,-0.11731171263670136
-1.188420479443917,0.14969253398099003,0.23764054473302262,-0.00582215535744879,-0.20594194782336156,-0.11725915441004603
-1.1895743866886217,0.14848017606295577,0.2399370265082096,-0.006026033691977749,-0.20536794433022892,-0.11742700429465545
-1.190062048057036,0.14787404634820092,0.24105754058758228,-0.006137804281997197,-0.20453587323261765,-0.11741592993855085
-1.1908253520319325,0.14782968138492047,0.24093114815012284,-0.006314188020456871,-0.20417723455556985,-0.11706509925028553
-1.192277707180905,0.14770708135089688,0.24103024764302158,-0.0064562091272004785,-0.20410408032166052,-0.11694021953985212
-1.1932881032169045,0.1471287284892756,0.2417984266046337,-0.0066334658955851744,-0.20315948118987562,-0.11688393833322518
-1.1941779716927117,0.14690857639206537,0.24191785532510868,-0.006806978655263652,-0.20247254748026994,-0.1168407333682715
-1.1965166810350865,0.1463344343173386,0.2441245954898238,-0.006826322500248689,-0.20086942291176485,-0.1171200037849351
-1.1975303988393906,0.14592838840702732,0.2436698074216491,-0.0071672717231729514,-0.20095614542271556,-0.11685403388422823
-1.1984038986393897,0.14532130158079895,0.24434073388904046,-0.007354798311684742,-0.20028840545520277,-0.11673515582880417
-1.2008410667536338,0.1461590445386593,0.2425164243853743,-0.00760194048500185,-0.2007437679033481,-0.11678751875996488
-1.200599327459908,0.14391038833469516,0.246750598789777,-0.007555926525585572,-0.19863984880470126,-0.11667229258615777
-1.2015608546714505,0.14392849295058555,0.24605613265987836,-0.007737050767579457,-0.19820411289965958,-0.11687003450046678
-1.2021338548843965,0.14307957432576723,0.2472168216524985,-0.007781660897815962,-0.1976439060602897,-0.11666184424420292
-1.2041589563143096,0.1445593962162479,0.2439809771818987,-0.008024205710919542,-0.19806124046141893,-0.11639994726825909
-1.2055383210870105,0.1443827999914485,0.24367959233668682,-0.008248834583680332,-0.19761049618235682,-0.11625225710002494
-1.2061073965089038,0.1435105503480206,0.24409684153964276,-0.008467959254805717,-0.19742323388743363,-0.11591456369601826
-1.2072699083476786,0.14330188771311825,0.24329156350396217,-0.00869990576884838,-0.19750864598762086,-0.1159635403109628
-1.207995117102041,0.1433645208756767,0.24234624816846703,-0.008864958121112342,-0.19674243583440734,-0.11605197050696339
-1.2088098030060368,0.1428018225405086,0.24429609990190304,-0.008644934427568191,-0.1950781579487648,-0.11600029188671827
-1.2101174907547705,0.14300437348135148,0.2426588436980804,-0.008918751563772347,-0.19517327897496026,-0.1159054381228067
-1.2118680252475094,0.1439026188372038,0.24029459921089924,-0.009154273464464084,-0.1958544472773265,-0.11550839274215065
-1.2129200186095856,0.1436998537354215,0.2399133347402623,-0.00935643455215705,-0.19554830544146345,-0.11553063773331186
-1.2142046122445442,0.14401226654401136,0.23951731173498142,-0.009383588565181521,-0.1947186123050797,-0.11532585862666489
-1.2148101574242685,0.14418601218435587,0.23888910139843536,-0.00945927895632178,-0.1938679077929313,-0.11550221781165886
-1.215745233085225,0.14443544586222692,0.23868765777246742,-0.009402305565504759,-0.1929681855666881,-0.11555551660380006
-1.2158051689760019,0.1436115160388823,0.24037522609416734,-0.00932052346083869,-0.19089874847335683,-0.11583446806703698
-1.2169751642191722,0.14482837913672436,0.23905895999384116,-0.009163398625419735,-0.1898297349809686,-0.11586660651760235
-1.217986910281598,0.1461521715853466,0.23583880862082646,-0.00926827652285129,-0.19058017078687545,-0.11541366102994458
-1.2183953835294872,0.1459151188119,0.23660753199771728,-0.009136251671171403,-0.1902036425262544,-0.1148589250830012
-1.2187606475586066,0.14545471061402565,0.23794284064015353,-0.00895855566077403,-0.18944060608178415,-0.1145469386791367
-1.2189402199500408,0.14514425632011269,0.23927630386004414,-0.008661129076848139,-0.1881965756517045,-0.11464300760885907
-1.2183668117140405,0.14528495812797976,0.23928812452945375,-0.008535702074128853,-0.18658676275656266,-0.11491852796356729
-1.2177968159199533,0.1457902310541215,0.2390032530484915,-0.00826214294459156,-0.1849942534106105,-0.11497122998222724
-1.2173817979173986,0.14653389605919404,0.23780874122484866,-0.008188388928891444,-0.18366247587350754,-0.11506407996978664
-1.2169344728911995,0.1464477050199766,0.23776953992266542,-0.008139830501984774,-0.18318997393161263,-0.11472913589097876
-1.2166602070379993,0.14720364249085402,0.23587818432968494,-0.008170975116634931,-0.18349455397091005,-0.1142800680837041
-1.2159150243512036,0.14814066291550407,0.23392670218991704,-0.008209238114070271,-0.1833210592303326,-0.11418549563667611
-1.216065412963862,0.1492079191688961,0.23304646484343902,-0.008110166041411746,-0.182056467636892,-0.11397702015202722
-1.2149460473056464,0.1484846102785841,0.23438194757686256,-0.00810114489801172,-0.18074837642534886,-0.11396295406890754
-1.2148008356328122,0.14898441343006324,0.23448412725546428,-0.00798117610474785,-0.17968168775994245,-0.11426963165288884
-1.214166802501594,0.14781930727582035,0.237870558611254,-0.00789593781940946,-0.17760537667669898,-0.11462878933373347
-1.214380512210173,0.1478008727821747,0.23884938668998232,-0.00789664867301127,-0.176496578570196,-0.11460864687949919
-1.2142150106816707,0.14838430643063205,0.23874604567230137,-0.00784568199700468,-0.17540539677018194,-0.11501817896007799
-1.2149178670829879,0.14948128713229075,0.2374918239203359,-0.007931793373894968,-0.17543759619864926,-0.11513724130235073
-1.2148367998260987,0.14964704562162728,0.23723551077196242,-0.008057755106434767,-0.17526842198276724,-0.11541865774713081
-1.214937438279798,0.15060336878480943,0.23680846595047922,-0.00795324653135068,-0.17457093742709004,-0.11550886787500253
-1.2156545503497123,0.1513753682581346,0.23640676417726048,-0.007948921258028964,-0.17390105340324988,-0.11582165666693486
-1.2147961493993606,0.1515508040101972,0.23623633238528258,-0.00795018320032863,-0.1732231493973743,-0.11631714770266349
-1.2145420173722496,0.15242487467375546,0.23489613218062103,-0.008017105374328636,-0.17314940446705046,-0.1161049899371309
-1.2144857893975276,0.15257259679543336,0.2355596617829354,-0.007928149250343675,-0.17269961107141604,-0.11600584433289482
-1.2146288142044264,0.15233433080959627,0.2360529770706457,-0.00807649694595957,-0.1724262745136772,-0.1162019217184593
-1.2143203337024686,0.1526743079126653,0.2358442259605781,-0.008082490637963156,-0.17199577914871225,-0.11637208208386828
-1.214609901593683,0.15265287136722971,0.23700257260001764,-0.007965615143895884,-0.17126951647972294,-0.11628659618408976
-1.2140871175675143,0.15196993230791186,0.23845611170485206,-0.00801436081683513,-0.1702514001092727,-0.11641929066601872
-1.2141965879040464,0.15185421354285233,0.23886645508482257,-0.008053209007839351,-0.17011274147459762,-0.11626144406497113
-1.2141399345458341,0.15138104627045154,0.24017700879855045,-0.008065125070769254,-0.16937722919344486,-0.11606351041227833
-1.2143073237398576,0.15127722936873528,0.24013597099599723,-0.008168976453503021,-0.16973687892983097,-0.11579662154460503
-1.2143938666722844,0.15103228230593194,0.23983816456091592,-0.00839065524761928,-0.17018125378256155,-0.11573153942037415
-1.2149564258602017,0.15163423637556148,0.23890412430970556,-0.008479009339704897,-0.17050982069238832,-0.11527783183215772
-1.214737809366081,0.15177416500954416,0.2375123588664565,-0.00871797139853206,-0.17107670584013174,-0.115207296417806
-1.214882172683096,0.15228972086463657,0.23610215543961577,-0.008890953074173936,-0.17127752465762905,-0.11498572812747107
-1.2152160891225336,0.152871657092511,0.23510418358882057,-0.008888894386941003,-0.17152301113097304,-0.1149780021766741
-1.21500993243549,0.15263259858362216,0.2353019230582529,-0.008963943642302831,-0.1711036176700961,-0.1148654530671059
-1.215674863842665,0.15358698122916167,0.23360185256614632,-0.009094154165454288,-0.17140531082594934,-0.11486057832027342
-1.2161985033410398,0.15430163808439326,0.23198042211612616,-0.00918456619200856,-0.17200097005921275,-0.11485283497007528
-1.2157997696432683,0.15325928908624098,0.23366695176499436,-0.009242493026871858,-0.17161137909625848,-0.11468604795467355
-1.2161901393352617,0.1535275384196755,0.23359518500693668,-0.009216228967891664,-0.17155427985730273,-0.11448800692548966
-1.21614008667678,0.15322904349484798,0.23363491755281968,-0.00934310476746007,-0.17166638753276378,-0.1144973589726796
-1.216603416181478,0.15342147938696812,0.233617996082738,-0.00934187773409094,-0.17151437723675073,-0.11433132503761373
-1.217343938291103,0.15331967620288917,0.23382633909146341,-0.00949092189315411,-0.17162145474623333,-0.11438442362192065
-1.2173867812179977,0.15295548203829185,0.23474146175942362,-0.009436436380645879,-0.17162653827560995,-0.11404551650215146
-1.2178242478163845,0.1530548827372012,0.23475022122942513,-0.009528076646478562,-0.17139293358810548,-0.11386818333032893
-1.2182543226473723,0.15301439546380846,0.23486166134134231,-0.009610544841016602,-0.17142519320565408,-0.1138315016516049
-1.218286926288667,0.15256905273941462,0.23538532839683554,-0.009727970216880483,-0.17116147312573238,-0.11370248522204862
-1.2189056114088723,0.1527128500857038,0.23498214426965142,-0.009851521942588242,-0.17142119675027545,-0.11381789789040557
-1.2193330416919006,0.15247225463995137,0.2355997005710217,-0.00984434918858475,-0.17138283138322508,-0.113686816606092
-1.2197271190957646,0.1528051774345042,0.23461155955628393,-0.009968842830247213,-0.17162516113690643,-0.11367253031848756
